-- ==========================================================================
-- Nullpath — Web Pentesting region seed
-- Auto-generated from plans/web-pentesting.md by scripts/build-seed.mjs.
-- Do not edit by hand. Re-run `npm run seed:build` after editing the plan.
--
-- IMPORTANT: no BEGIN/COMMIT here — sqlx wraps each migration in its own
-- transaction, and a nested BEGIN errors silently in the SQL plugin.
-- ==========================================================================

-- Regions
INSERT OR IGNORE INTO region (id, name, tagline, color_accent, sort_order, is_locked) VALUES
  ('web',           'Web Pentesting',          'OWASP, APIs, source review, supply chain, AI-backed apps', '#22d3ee', 1, 0),
  ('red-team',      'Red Teaming',             'Internal pentest, AD, C2, OPSEC',                            '#e879f9', 2, 1),
  ('vuln-research', 'Vuln Research / Exploit', 'RE, fuzzing, memory corruption, browser/kernel internals', '#fb7185', 3, 1);

-- Zones
INSERT OR IGNORE INTO zone (id, region_id, name, sort_order, cx, cy) VALUES
  ('Z01', 'web', 'Foundations Plateau', 1, -700, -480),
  ('Z02', 'web', 'Tooling Arsenal', 2, -420, -480),
  ('Z03', 'web', 'Recon Forge', 3, -140, -480),
  ('Z04', 'web', 'Injection Caves', 4, 140, -480),
  ('Z05', 'web', 'Client-Side Mirror', 5, 420, -480),
  ('Z06', 'web', 'Auth & Identity Spires', 6, 700, -480),
  ('Z07', 'web', 'Access Control Bastion', 7, 700, -160),
  ('Z08', 'web', 'Server-Side Depths', 8, 420, -160),
  ('Z09', 'web', 'HTTP & Cache Layer', 9, 140, -160),
  ('Z10', 'web', 'CSRF Vault', 10, -140, -160),
  ('Z11', 'web', 'API Gateway', 11, -420, -160),
  ('Z12', 'web', 'Misconfig & Disclosure', 12, -700, -160),
  ('Z13', 'web', 'Business Logic Maze', 13, -700, 160),
  ('Z14', 'web', 'Source-Code Review Track', 14, -420, 160),
  ('Z15', 'web', 'Supply Chain & Build Pipeline', 15, -140, 160),
  ('Z16', 'web', 'Cloud-Native Web', 16, 140, 160),
  ('Z17', 'web', 'WAF/CDN/Edge Bypass', 17, 420, 160),
  ('Z18', 'web', 'Frontend Framework Specifics', 18, 700, 160),
  ('Z19', 'web', 'Modern Browser Surface', 19, 700, 480),
  ('Z20', 'web', 'AI / LLM-Backed Apps', 20, 420, 480),
  ('Z21', 'web', 'Defenses to Understand', 21, 140, 480),
  ('Z22', 'web', 'Methodology Citadel', 22, -140, 480),
  ('Z23', 'web', 'Capstones', 23, -420, 480);

-- Nodes
INSERT OR IGNORE INTO node (id, zone_id, parent_id, name, gloss, kind, depth, owasp_tag, cwe_id, sort_order) VALUES
  ('F01', 'Z01', NULL, 'Networking — TCP/IP & OSI', 'model, layers, encapsulation', 'foundation', 'intro', NULL, NULL, 1),
  ('F02', 'Z01', NULL, 'Common ports & protocols', '80/443/22/21/25/53/3306/3389/445/8080/8443/5432/6379/27017/9200/1433/5985', 'foundation', 'intro', NULL, NULL, 2),
  ('F03', 'Z01', NULL, 'DNS deep dive', 'record types (A/AAAA/CNAME/MX/TXT/NS/SOA/CAA), recursive vs iterative, DNSSEC awareness', 'foundation', 'std', NULL, NULL, 3),
  ('F04', 'Z01', NULL, 'HTTP/1.1 mechanics', 'request/response, methods, status codes, headers', 'foundation', 'std', NULL, NULL, 4),
  ('F05', 'Z01', NULL, 'HTTPS & TLS', 'handshake, ALPN, SNI, certificates, cipher suites, common pitfalls', 'foundation', 'std', NULL, NULL, 5),
  ('F06', 'Z01', NULL, 'HTTP/2', 'frames, multiplexing, HPACK, server push', 'foundation', 'std', NULL, NULL, 6),
  ('F07', 'Z01', NULL, 'HTTP/3 / QUIC', 'UDP-based, 0-RTT, header compression', 'foundation', 'adv', NULL, NULL, 7),
  ('F08', 'Z01', NULL, 'Proxies & NAT', 'forward, reverse, transparent, load balancers', 'foundation', 'intro', NULL, NULL, 8),
  ('F09', 'Z01', NULL, 'Linux CLI', 'fs, perms (rwx, suid/sgid/sticky), processes, services', 'foundation', 'intro', NULL, NULL, 9),
  ('F10', 'Z01', NULL, 'Linux networking', 'ip, ss, netstat, lsof, tcpdump', 'foundation', 'intro', NULL, NULL, 10),
  ('F11', 'Z01', NULL, 'Bash scripting', 'vars, loops, pipes, redirection, oneliners', 'foundation', 'intro', NULL, NULL, 11),
  ('F12', 'Z01', NULL, 'Windows fundamentals', 'fs, services, registry overview', 'foundation', 'intro', NULL, NULL, 12),
  ('F13', 'Z01', NULL, 'PowerShell basics', 'cmdlets, pipelines (deep PS in red team)', 'foundation', 'intro', NULL, NULL, 13),
  ('F14', 'Z01', NULL, 'Web mechanics — request/response', 'anatomy of every interaction', 'foundation', 'intro', NULL, NULL, 14),
  ('F15', 'Z01', NULL, 'Cookies', 'attributes (HttpOnly, Secure, SameSite, Domain, Path), prefixes (`__Host-`, `__Secure-`)', 'foundation', 'std', NULL, NULL, 15),
  ('F16', 'Z01', NULL, 'Sessions', 'server-side state, session IDs, sticky sessions', 'foundation', 'std', NULL, NULL, 16),
  ('F17', 'Z01', NULL, 'CORS & Same-Origin Policy', 'origin definition, preflight, credentials', 'foundation', 'std', NULL, NULL, 17),
  ('F18', 'Z01', NULL, 'Content Security Policy intro', 'directives overview (deep coverage in Z21)', 'foundation', 'std', NULL, NULL, 18),
  ('F19', 'Z01', NULL, 'Caches in HTTP', 'Cache-Control, ETag, Vary, intermediaries', 'foundation', 'std', NULL, NULL, 19),
  ('F20', 'Z01', NULL, 'MIME & content negotiation', 'Content-Type, Accept, sniffing', 'foundation', 'intro', NULL, NULL, 20),
  ('F21', 'Z01', NULL, 'Redirects', '301/302/303/307/308, behavior differences', 'foundation', 'intro', NULL, NULL, 21),
  ('F22', 'Z01', NULL, 'HTML & DOM structure', 'elements, attributes, semantic markup, forms', 'foundation', 'intro', NULL, NULL, 22),
  ('F23', 'Z01', NULL, 'CSS basics', 'selectors, specificity (CSS injection deep in Z05)', 'foundation', 'intro', NULL, NULL, 23),
  ('F24', 'Z01', NULL, 'JavaScript language', 'types, scope, closures, prototype chain, ES modules', 'foundation', 'std', NULL, NULL, 24),
  ('F25', 'Z01', NULL, 'JavaScript DOM API', 'selectors, events, mutation, attributes', 'foundation', 'std', NULL, NULL, 25),
  ('F26', 'Z01', NULL, 'JavaScript async', 'Promises, async/await, fetch/XHR, microtasks', 'foundation', 'std', NULL, NULL, 26),
  ('F27', 'Z01', NULL, 'TypeScript awareness', 'read source, understand type annotations', 'foundation', 'intro', NULL, NULL, 27),
  ('F28', 'Z01', NULL, 'JSON', 'syntax, parsing, JSON5/JSONC variants', 'foundation', 'intro', NULL, NULL, 28),
  ('F29', 'Z01', NULL, 'Python scripting', '`requests`, `argparse`, `asyncio`, virtualenvs', 'foundation', 'std', NULL, NULL, 29),
  ('F30', 'Z01', NULL, 'Git', 'clone, branch, commit, push, log, diff, blame, gh CLI', 'foundation', 'std', NULL, NULL, 30),
  ('F31', 'Z01', NULL, 'Docker', 'pull, run, exec, compose, run vulnerable apps in containers', 'foundation', 'std', NULL, NULL, 31),
  ('F32', 'Z01', NULL, 'Regex', 'anchors, classes, groups, lookarounds, common gotchas', 'foundation', 'std', NULL, NULL, 32),
  ('F33', 'Z01', NULL, 'Encodings', 'URL, base64, base64url, HTML entities, Unicode/UTF-8, hex, double encoding', 'foundation', 'std', NULL, NULL, 33),
  ('F34', 'Z01', NULL, 'Cryptography fundamentals', 'symmetric, asymmetric, hashing, HMAC, signing, padding, common pitfalls', 'foundation', 'std', NULL, NULL, 34),
  ('F35', 'Z01', NULL, 'SQL fundamentals', 'SELECT, JOIN, UNION, subqueries, schema introspection', 'foundation', 'std', NULL, NULL, 35),
  ('F36', 'Z01', NULL, 'SQL DBMS divergences', 'MySQL vs PostgreSQL vs MSSQL vs Oracle vs SQLite syntax & functions', 'foundation', 'std', NULL, NULL, 36),
  ('F37', 'Z01', NULL, 'NoSQL fundamentals', 'Mongo, Redis, Cassandra basics', 'foundation', 'std', NULL, NULL, 37),
  ('F38', 'Z01', NULL, 'Browser internals overview', 'rendering pipeline, JS engines, sandbox, multi-process model', 'foundation', 'adv', NULL, NULL, 38),
  ('F39', 'Z01', NULL, 'TLS deep dive', 'handshake variants, downgrade attacks, cert pinning', 'foundation', 'adv', NULL, NULL, 39),
  ('F40', 'Z01', NULL, 'Threat modeling basics', 'STRIDE-lite, attack surface mapping', 'foundation', 'std', NULL, NULL, 40),
  ('T01', 'Z02', NULL, 'Burp Suite — Proxy', 'intercept, scope, match-and-replace', 'tool', 'std', NULL, NULL, 1),
  ('T02', 'Z02', NULL, 'Burp Suite — Repeater', 'manual request iteration', 'tool', 'std', NULL, NULL, 2),
  ('T03', 'Z02', NULL, 'Burp Suite — Intruder', 'sniper, battering ram, pitchfork, cluster bomb', 'tool', 'std', NULL, NULL, 3),
  ('T04', 'Z02', NULL, 'Burp Suite — Decoder', 'encoding/decoding helpers', 'tool', 'std', NULL, NULL, 4),
  ('T05', 'Z02', NULL, 'Burp Suite — Comparer', 'diff responses', 'tool', 'std', NULL, NULL, 5),
  ('T06', 'Z02', NULL, 'Burp Suite — Sequencer', 'token randomness analysis', 'tool', 'adv', NULL, NULL, 6),
  ('T07', 'Z02', NULL, 'Burp Suite — Collaborator', 'OAST callbacks (Pro feature)', 'tool', 'std', NULL, NULL, 7),
  ('T08', 'Z02', NULL, 'Burp Suite — Extender / BApps', 'install community extensions', 'tool', 'std', NULL, NULL, 8),
  ('T09', 'Z02', NULL, 'Burp Suite — Macros & Session Handling Rules', 'auto-relogin, CSRF token chaining', 'tool', 'adv', NULL, NULL, 9),
  ('T10', 'Z02', NULL, 'Burp Suite — Custom extensions', 'Montoya API, Java/Python/Kotlin', 'tool', 'adv', NULL, NULL, 10),
  ('T11', 'Z02', NULL, 'Key BApps to master', 'Logger++, Param Miner, Active Scan++, Autorize, JWT Editor, Hackvertor, Backslash Powered Scanner, Turbo Intruder', 'tool', 'std', NULL, NULL, 11),
  ('T12', 'Z02', NULL, 'ZAP', 'Burp alternative, OSS', 'tool', 'intro', NULL, NULL, 12),
  ('T13', 'Z02', NULL, 'Caido', 'modern Burp alternative (newer)', 'tool', 'intro', NULL, NULL, 13),
  ('T14', 'Z02', NULL, 'Browser DevTools — Network panel', 'request inspection, copy as curl/fetch', 'tool', 'std', NULL, NULL, 14),
  ('T15', 'Z02', NULL, 'Browser DevTools — Sources/Debugger', 'breakpoints, scope inspection', 'tool', 'std', NULL, NULL, 15),
  ('T16', 'Z02', NULL, 'Browser DevTools — Application/Storage', 'cookies, localStorage, sessionStorage, IndexedDB', 'tool', 'std', NULL, NULL, 16),
  ('T17', 'Z02', NULL, 'Browser DevTools — Console', 'DOM manipulation, runtime evaluation', 'tool', 'std', NULL, NULL, 17),
  ('T18', 'Z02', NULL, 'Browser DevTools — Performance', 'frame analysis (used rarely in pentesting)', 'tool', 'intro', NULL, NULL, 18),
  ('T19', 'Z02', NULL, 'nmap + NSE', 'TCP/SYN/UDP scans, service detect, scripts', 'tool', 'std', NULL, NULL, 19),
  ('T20', 'Z02', NULL, 'masscan', 'internet-scale port scanning', 'tool', 'std', NULL, NULL, 20),
  ('T21', 'Z02', NULL, 'naabu', 'modern port scanner', 'tool', 'std', NULL, NULL, 21),
  ('T22', 'Z02', NULL, 'ffuf', 'directory & parameter brute-force', 'tool', 'std', NULL, NULL, 22),
  ('T23', 'Z02', NULL, 'wfuzz / gobuster / feroxbuster', 'alternatives, recursion strategies', 'tool', 'std', NULL, NULL, 23),
  ('T24', 'Z02', NULL, 'katana', 'modern crawler', 'tool', 'std', NULL, NULL, 24),
  ('T25', 'Z02', NULL, 'Subdomain enum — amass', 'multi-source subdomain discovery', 'tool', 'std', NULL, NULL, 25),
  ('T26', 'Z02', NULL, 'Subdomain enum — subfinder', 'fast passive', 'tool', 'std', NULL, NULL, 26),
  ('T27', 'Z02', NULL, 'Subdomain enum — assetfinder, sublist3r, chaos', 'alternatives', 'tool', 'std', NULL, NULL, 27),
  ('T28', 'Z02', NULL, 'Live host probing — httpx, httprobe', 'alive checks', 'tool', 'std', NULL, NULL, 28),
  ('T29', 'Z02', NULL, 'Screenshot triage — gowitness, aquatone, eyewitness', 'visual recon', 'tool', 'std', NULL, NULL, 29),
  ('T30', 'Z02', NULL, 'Nuclei', 'template-driven vuln scanning', 'tool', 'std', NULL, NULL, 30),
  ('T31', 'Z02', NULL, 'sqlmap & ghauri', 'automated SQLi (use after manual SQLi mastery)', 'tool', 'std', NULL, NULL, 31),
  ('T32', 'Z02', NULL, 'whatweb / wappalyzer / favfreak', 'tech fingerprinting', 'tool', 'std', NULL, NULL, 32),
  ('T33', 'Z02', NULL, 'curl & wget mastery', 'manual HTTP from terminal', 'tool', 'std', NULL, NULL, 33),
  ('T34', 'Z02', NULL, 'jwt_tool, jwt.io, jwtcrack', 'JWT analysis & attacks', 'tool', 'std', NULL, NULL, 34),
  ('T35', 'Z02', NULL, 'ysoserial / ysoserial.net', 'Java/.NET deserialization gadgets', 'tool', 'adv', NULL, NULL, 35),
  ('T36', 'Z02', NULL, 'hashcat / John the Ripper', 'offline password cracking', 'tool', 'std', NULL, NULL, 36),
  ('T37', 'Z02', NULL, 'hydra / medusa', 'online login brute-forcing', 'tool', 'std', NULL, NULL, 37),
  ('T38', 'Z02', NULL, 'Search engines — Shodan, Censys, FOFA, Hunter.how', 'internet asset discovery', 'tool', 'std', NULL, NULL, 38),
  ('T39', 'Z02', NULL, 'Google dorks', 'advanced search operators', 'tool', 'std', NULL, NULL, 39),
  ('T40', 'Z02', NULL, 'GitHub dorking — gitrob, trufflehog, gitleaks, noseyparker', 'secret hunting', 'tool', 'std', NULL, NULL, 40),
  ('T41', 'Z02', NULL, 'crt.sh / cert transparency', 'passive subdomain via certs', 'tool', 'std', NULL, NULL, 41),
  ('T42', 'Z02', NULL, 'Wayback — waybackurls, gau, katana, hakrawler', 'historical URL extraction', 'tool', 'std', NULL, NULL, 42),
  ('T43', 'Z02', NULL, 'LinkFinder / SecretFinder / JSluice / getJS', 'JS endpoint & secret extraction', 'tool', 'std', NULL, NULL, 43),
  ('T44', 'Z02', NULL, 'arjun / paramspider / x8', 'parameter discovery', 'tool', 'std', NULL, NULL, 44),
  ('T45', 'Z02', NULL, 'Postman / Insomnia / Bruno', 'API testing clients', 'tool', 'std', NULL, NULL, 45),
  ('T46', 'Z02', NULL, 'mitmproxy', 'programmable proxy', 'tool', 'std', NULL, NULL, 46),
  ('T47', 'Z02', NULL, 'Subdomain takeover scanners — subjack, subzy, nuclei takeover templates', NULL, 'tool', 'std', NULL, NULL, 47),
  ('T48', 'Z02', NULL, 'DalFox', 'XSS scanner with parameter analysis', 'tool', 'std', NULL, NULL, 48),
  ('T49', 'Z02', NULL, 'kxss / qsreplace', 'XSS triage helpers', 'tool', 'std', NULL, NULL, 49),
  ('T50', 'Z02', NULL, 'crlfuzz', 'CRLF injection scanner', 'tool', 'std', NULL, NULL, 50),
  ('T51', 'Z02', NULL, 'corsy / corsair', 'CORS misconfig scanners', 'tool', 'std', NULL, NULL, 51),
  ('T52', 'Z02', NULL, 'Semgrep CLI', 'pattern-based static analysis (used by hunters too)', 'tool', 'std', NULL, NULL, 52),
  ('T53', 'Z02', NULL, 'CodeQL CLI', 'semantic code analysis', 'tool', 'adv', NULL, NULL, 53),
  ('T54', 'Z02', NULL, 'proxychains / VPS hygiene', 'operating from clean staging', 'tool', 'std', NULL, NULL, 54),
  ('T55', 'Z02', NULL, 'OPSEC & identity separation tooling', 'burner accounts, separated browsers, VPN/Tor', 'tool', 'adv', NULL, NULL, 55),
  ('T56', 'Z02', NULL, 'tmux / screen', 'long-running shell sessions', 'tool', 'intro', NULL, NULL, 56),
  ('T57', 'Z02', NULL, 'Tailscale / Cloudflare Tunnel', 'exposing labs / collab endpoints', 'tool', 'intro', NULL, NULL, 57),
  ('R01', 'Z03', NULL, 'Passive recon — WHOIS', 'registrar, dates, orgs', 'recon', 'std', NULL, NULL, 1),
  ('R02', 'Z03', NULL, 'Passive recon — DNS records', 'beyond A/CNAME (TXT, MX, SPF, DMARC, DKIM, NS)', 'recon', 'std', NULL, NULL, 2),
  ('R03', 'Z03', NULL, 'Passive recon — ASN / BGP / peering', 'IP block ownership', 'recon', 'adv', NULL, NULL, 3);

INSERT OR IGNORE INTO node (id, zone_id, parent_id, name, gloss, kind, depth, owasp_tag, cwe_id, sort_order) VALUES
  ('R04', 'Z03', NULL, 'Passive recon — Certificate Transparency', 'historical & current cert hunting', 'recon', 'std', NULL, NULL, 4),
  ('R05', 'Z03', NULL, 'Passive recon — Public datasets', 'Rapid7, Project Sonar, Common Crawl', 'recon', 'std', NULL, NULL, 5),
  ('R06', 'Z03', NULL, 'Passive recon — S3/GCS/Azure bucket enumeration', 'public bucket hunting', 'recon', 'std', NULL, NULL, 6),
  ('R07', 'Z03', NULL, 'Passive recon — Wayback / archive.org', 'historical content discovery', 'recon', 'std', NULL, NULL, 7),
  ('R08', 'Z03', NULL, 'Active recon — port scanning strategy', 'speed vs stealth, scope respect', 'recon', 'std', NULL, NULL, 8),
  ('R09', 'Z03', NULL, 'Active recon — service detection & banner grabbing', NULL, 'recon', 'std', NULL, NULL, 9),
  ('R10', 'Z03', NULL, 'Subdomain enumeration — passive sources', 'multi-source aggregation', 'recon', 'std', NULL, NULL, 10),
  ('R11', 'Z03', NULL, 'Subdomain enumeration — brute force & permutation', 'wordlists, dnsx', 'recon', 'std', NULL, NULL, 11),
  ('R12', 'Z03', NULL, 'Subdomain enumeration — vhost discovery', 'Host header fuzzing', 'recon', 'std', NULL, NULL, 12),
  ('R13', 'Z03', NULL, 'Content discovery — directory busting', 'common wordlists, recursion', 'recon', 'std', NULL, NULL, 13),
  ('R14', 'Z03', NULL, 'Content discovery — passive parameter mining', 'Wayback, source maps', 'recon', 'std', NULL, NULL, 14),
  ('R15', 'Z03', NULL, 'Content discovery — active parameter mining', 'Param Miner, arjun', 'recon', 'std', NULL, NULL, 15),
  ('R16', 'Z03', NULL, 'Content discovery — robots.txt / sitemap.xml / security.txt / .well-known', NULL, 'recon', 'intro', NULL, NULL, 16),
  ('R17', 'Z03', NULL, 'Content discovery — JS endpoint extraction', 'parsing minified bundles', 'recon', 'std', NULL, NULL, 17),
  ('R18', 'Z03', NULL, 'Content discovery — JS source-map analysis', 'recovering original source', 'recon', 'std', NULL, NULL, 18),
  ('R19', 'Z03', NULL, 'Content discovery — error-page-driven leaks', '404/500 reveals routes', 'recon', 'std', NULL, NULL, 19),
  ('R20', 'Z03', NULL, 'Tech fingerprinting', 'server, framework, CMS, libs, versions', 'recon', 'std', NULL, NULL, 20),
  ('R21', 'Z03', NULL, 'Favicon hashing for fingerprint pivot', 'favfreak, Shodan', 'recon', 'std', NULL, NULL, 21),
  ('R22', 'Z03', NULL, 'API discovery — Swagger/OpenAPI', 'common paths, leaked specs', 'recon', 'std', NULL, NULL, 22),
  ('R23', 'Z03', NULL, 'API discovery — GraphQL introspection', 'schema dump techniques', 'recon', 'std', NULL, NULL, 23),
  ('R24', 'Z03', NULL, 'API discovery — mobile app reverse engineering', 'apk/ipa for endpoints', 'recon', 'adv', NULL, NULL, 24),
  ('R25', 'Z03', NULL, 'API discovery — Postman public collections', 'postman-public scraping', 'recon', 'std', NULL, NULL, 25),
  ('R26', 'Z03', NULL, 'Authenticated recon', 'what changes when logged in (admin routes, role-specific)', 'recon', 'std', NULL, NULL, 26),
  ('R27', 'Z03', NULL, 'OSINT on people/orgs', 'LinkedIn, GitHub, breach data, public docs', 'recon', 'std', NULL, NULL, 27),
  ('R28', 'Z03', NULL, 'Source-code recon — GitHub/GitLab/BitBucket org dorking', 'org-level secret hunting', 'recon', 'std', NULL, NULL, 28),
  ('R29', 'Z03', NULL, 'Recon project scaffolding', 'folder structure, naming, change-tracking', 'recon', 'std', NULL, NULL, 29),
  ('R30', 'Z03', NULL, 'Reactive recon / monitors', 'track new subdomains, JS bundle diffs, cert issuance', 'recon', 'adv', NULL, NULL, 30),
  ('R31', 'Z03', NULL, 'Continuous bug bounty recon', '"watch tower" methodology, Trickest/axiom-style automation', 'recon', 'adv', NULL, NULL, 31),
  ('R32', 'Z03', NULL, 'IP-to-asset mapping', 'pivoting from a leaked IP to scope membership', 'recon', 'std', NULL, NULL, 32),
  ('R33', 'Z03', NULL, 'Cloud asset attribution', 'finding which AWS/GCP/Azure account owns a public asset', 'recon', 'adv', NULL, NULL, 33),
  ('R34', 'Z03', NULL, 'SaaS-tenant enumeration', 'Slack, Zendesk, Okta, ServiceNow tenant discovery', 'recon', 'adv', NULL, NULL, 34),
  ('R35', 'Z03', NULL, 'Email & SPF/DMARC recon', 'for phishing-adjacent paths', 'recon', 'std', NULL, NULL, 35),
  ('W01', 'Z04', NULL, 'SQL Injection', 'server-side SQL injection', 'vuln', 'std', 'A03', 'CWE-89', 1),
  ('W01a', 'Z04', 'W01', 'Error-based', 'leak data via DBMS errors', 'vuln', 'std', NULL, NULL, 2),
  ('W01b', 'Z04', 'W01', 'UNION-based', 'append SELECTs to retrieve data inline', 'vuln', 'std', NULL, NULL, 3),
  ('W01c', 'Z04', 'W01', 'Boolean-blind', 'true/false branching without visible output', 'vuln', 'std', NULL, NULL, 4),
  ('W01d', 'Z04', 'W01', 'Time-blind', 'exfil via response delays', 'vuln', 'std', NULL, NULL, 5),
  ('W01e', 'Z04', 'W01', 'OOB / OAST exfil', 'DNS/HTTP callbacks (Collaborator)', 'vuln', 'std', NULL, NULL, 6),
  ('W01f', 'Z04', 'W01', 'Second-order', 'payload stored, triggered later', 'vuln', 'adv', NULL, NULL, 7),
  ('W01g', 'Z04', 'W01', 'Stacked queries', 'multi-statement injection where DB allows', 'vuln', 'std', NULL, NULL, 8),
  ('W01h', 'Z04', 'W01', 'DBMS-specific quirks', 'MySQL/PG/MSSQL/Oracle/SQLite divergences', 'vuln', 'adv', NULL, NULL, 9),
  ('W01i', 'Z04', 'W01', 'WAF / filter bypass', 'encoding, comments, alt syntax', 'vuln', 'adv', NULL, NULL, 10),
  ('W01j', 'Z04', 'W01', 'Bypass via parser confusion', 'backend vs WAF parser disagreement', 'vuln', 'res', NULL, NULL, 11),
  ('W01k', 'Z04', 'W01', 'Insertion-context SQLi', 'INSERT/UPDATE/DELETE specific tricks', 'vuln', 'adv', NULL, NULL, 12),
  ('W01l', 'Z04', 'W01', 'ORDER BY / GROUP BY injection', 'non-WHERE injection points', 'vuln', 'std', NULL, NULL, 13),
  ('W02', 'Z04', NULL, 'NoSQL Injection', NULL, 'vuln', 'std', NULL, 'CWE-943', 14),
  ('W02a', 'Z04', 'W02', 'MongoDB operator injection', '`$ne`, `$gt`, `$regex`, `$where`', 'vuln', 'std', NULL, NULL, 15),
  ('W02b', 'Z04', 'W02', 'MongoDB JS execution', '`$where`/`mapReduce` to RCE', 'vuln', 'adv', NULL, NULL, 16),
  ('W02c', 'Z04', 'W02', 'Cassandra / CouchDB / DynamoDB', 'engine-specific', 'vuln', 'adv', NULL, NULL, 17),
  ('W03', 'Z04', NULL, 'LDAP Injection', 'filter manipulation, blind extraction', 'vuln', 'std', NULL, 'CWE-90', 18),
  ('W04', 'Z04', NULL, 'XPath / XQuery Injection', NULL, 'vuln', 'std', NULL, 'CWE-643', 19),
  ('W05', 'Z04', NULL, 'OS Command Injection', NULL, 'vuln', 'std', 'A03', 'CWE-78', 20),
  ('W05a', 'Z04', 'W05', 'Direct injection', NULL, 'vuln', 'std', NULL, NULL, 21),
  ('W05b', 'Z04', 'W05', 'Blind (time/DNS exfil)', NULL, 'vuln', 'std', NULL, NULL, 22),
  ('W05c', 'Z04', 'W05', 'Filter / character bypass', 'IFS, brace expansion, base64-pipe-bash', 'vuln', 'std', NULL, NULL, 23),
  ('W05d', 'Z04', 'W05', 'Argument injection (no shell)', 'exploiting `--` flags in subprocess calls', 'vuln', 'adv', NULL, NULL, 24),
  ('W06', 'Z04', NULL, 'Code Injection — eval/exec class', 'language-level eval', 'vuln', 'std', NULL, 'CWE-94', 25),
  ('W07', 'Z04', NULL, 'Server-Side Template Injection (SSTI)', NULL, 'vuln', 'std', NULL, 'CWE-1336', 26),
  ('W07a', 'Z04', 'W07', 'Engine fingerprinting', 'payloads to identify Jinja2/Twig/etc.', 'vuln', 'std', NULL, NULL, 27),
  ('W07b', 'Z04', 'W07', 'Jinja2 (Python)', '`__class__`/`__mro__` chains, sandbox escapes', 'vuln', 'std', NULL, NULL, 28),
  ('W07c', 'Z04', 'W07', 'Twig (PHP)', 'filter exploitation', 'vuln', 'std', NULL, NULL, 29),
  ('W07d', 'Z04', 'W07', 'Freemarker / Velocity (Java)', NULL, 'vuln', 'std', NULL, NULL, 30),
  ('W07e', 'Z04', 'W07', 'ERB (Ruby)', NULL, 'vuln', 'std', NULL, NULL, 31),
  ('W07f', 'Z04', 'W07', 'Smarty / Handlebars / Pug / Mustache / Liquid', NULL, 'vuln', 'adv', NULL, NULL, 32),
  ('W07g', 'Z04', 'W07', 'Sandbox escape research', 'modern hardened sandboxes', 'vuln', 'res', NULL, NULL, 33),
  ('W08', 'Z04', NULL, 'ORM / HQL Injection', 'Hibernate, Doctrine, Sequelize raw queries', 'vuln', 'adv', NULL, NULL, 34),
  ('W09', 'Z04', NULL, 'Expression Language Injection', 'Spring SpEL, OGNL (Struts), JSP EL', 'vuln', 'adv', NULL, NULL, 35),
  ('W10', 'Z04', NULL, 'CRLF Injection / Header Injection / Response Splitting', NULL, 'vuln', 'std', NULL, 'CWE-93', 36),
  ('W11', 'Z04', NULL, 'SMTP / Email Header Injection', 'header injection in mail forms', 'vuln', 'std', NULL, NULL, 37),
  ('W12', 'Z04', NULL, 'Log Injection (Log4Shell-class)', 'JNDI lookup chains, ${} evaluation', 'vuln', 'adv', NULL, 'CWE-117', 38),
  ('W13', 'Z04', NULL, 'XML Injection (non-XXE)', 'tag injection, attribute manipulation', 'vuln', 'std', NULL, 'CWE-91', 39),
  ('W14', 'Z04', NULL, 'Server-Side Includes (SSI) Injection', '`<!--#exec ...-->` legacy', 'vuln', 'adv', NULL, NULL, 40),
  ('W15', 'Z04', NULL, 'LaTeX Injection', 'in document-generating apps, `\write18` chains', 'vuln', 'adv', NULL, NULL, 41),
  ('W16', 'Z04', NULL, 'ReDoS — Regex Denial of Service', 'catastrophic backtracking', 'vuln', 'std', NULL, NULL, 42),
  ('W17', 'Z04', NULL, 'Path injection via filename in upload', 'cross-link to S03', 'vuln', 'std', NULL, NULL, 43),
  ('W18', 'Z04', NULL, 'Format string in C-backed servers', 'rare in web, present in some C web stacks', 'vuln', 'res', NULL, NULL, 44),
  ('W19', 'Z04', NULL, 'Polyglot injection (multi-context)', 'payloads firing across SQL+XSS+JSON contexts', 'vuln', 'res', NULL, NULL, 45),
  ('X01', 'Z05', NULL, 'Reflected XSS', 'sources, sinks, contexts (HTML/attr/JS/URL/CSS)', 'vuln', 'std', 'A03', 'CWE-79', 1),
  ('X02', 'Z05', NULL, 'Stored XSS', 'persistent payload firing on every load', 'vuln', 'std', NULL, NULL, 2),
  ('X03', 'Z05', NULL, 'DOM XSS', 'sources/sinks (location, document.cookie, etc.), taint flow', 'vuln', 'std', NULL, NULL, 3),
  ('X04', 'Z05', NULL, 'Blind XSS', 'fires in admin panels, exfil via collector', 'vuln', 'std', NULL, NULL, 4),
  ('X05', 'Z05', NULL, 'mXSS (mutation XSS)', 'innerHTML mutation flips innocent into malicious', 'vuln', 'adv', NULL, NULL, 5),
  ('X06', 'Z05', NULL, 'Self-XSS chains', 'getting from "only you" to "anyone" via clickjacking/CSRF', 'vuln', 'adv', NULL, NULL, 6),
  ('X07', 'Z05', NULL, 'CSP bypasses — JSONP gadgets', 'whitelisted CDNs hosting JSONP endpoints', 'vuln', 'adv', NULL, NULL, 7),
  ('X08', 'Z05', NULL, 'CSP bypasses — base-uri tricks', NULL, 'vuln', 'adv', NULL, NULL, 8),
  ('X09', 'Z05', NULL, 'CSP bypasses — strict-dynamic gotchas', NULL, 'vuln', 'adv', NULL, NULL, 9),
  ('X10', 'Z05', NULL, 'CSP bypasses — nonce reuse / leakage', NULL, 'vuln', 'adv', NULL, NULL, 10),
  ('X11', 'Z05', NULL, 'CSP bypasses — dangling markup', 'exfil without script execution', 'vuln', 'adv', NULL, NULL, 11),
  ('X12', 'Z05', NULL, 'WAF / filter evasion for XSS', 'encoding chains, casing, fragmentation', 'vuln', 'adv', NULL, NULL, 12),
  ('X13', 'Z05', NULL, 'Polyglot payloads', 'single string firing in multiple contexts', 'vuln', 'adv', NULL, NULL, 13),
  ('X14', 'Z05', NULL, 'XSS via SVG upload', 'embedded `<script>` in uploaded SVG', 'vuln', 'std', NULL, NULL, 14),
  ('X15', 'Z05', NULL, 'XSS via PDF / Markdown / file upload', 'server-rendered docs', 'vuln', 'adv', NULL, NULL, 15),
  ('X16', 'Z05', NULL, 'HTML injection (no JS)', 'phishing, layout attacks, dangling-markup exfil', 'vuln', 'std', NULL, NULL, 16),
  ('X17', 'Z05', NULL, 'CORS misconfigurations', 'null origin, regex flaws, credentials+wildcard', 'vuln', 'std', NULL, 'CWE-942', 17),
  ('X18', 'Z05', NULL, 'postMessage flaws', 'missing origin checks, exploitable handlers', 'vuln', 'adv', NULL, NULL, 18),
  ('X19', 'Z05', NULL, 'WebSocket security', 'auth, origin, message tampering, sub-protocol confusion', 'vuln', 'std', NULL, NULL, 19),
  ('X20', 'Z05', NULL, 'Clickjacking / UI redress', 'frame-ancestors, X-Frame-Options', 'vuln', 'std', NULL, 'CWE-1021', 20),
  ('X21', 'Z05', NULL, 'Tabnabbing / reverse tabnabbing', '`target=_blank` without `noopener`', 'vuln', 'std', NULL, NULL, 21),
  ('X22', 'Z05', NULL, 'DOM clobbering', 'id/name attribute hijacking globals', 'vuln', 'adv', NULL, NULL, 22),
  ('X23', 'Z05', NULL, 'Client-side prototype pollution', 'gadgets in jQuery, Lodash, common libs', 'vuln', 'adv', NULL, NULL, 23);

INSERT OR IGNORE INTO node (id, zone_id, parent_id, name, gloss, kind, depth, owasp_tag, cwe_id, sort_order) VALUES
  ('X24', 'Z05', NULL, 'Prototype-pollution-to-XSS gadget chains', NULL, 'vuln', 'adv', NULL, NULL, 24),
  ('X25', 'Z05', NULL, 'Open redirect', 'and chains that escalate it', 'vuln', 'std', NULL, 'CWE-601', 25),
  ('X26', 'Z05', NULL, 'XSSI / JSON hijacking', 'historical Flash, modern UTF-7 quirks', 'vuln', 'adv', NULL, NULL, 26),
  ('X27', 'Z05', NULL, 'Cross-window / iframe attacks', 'window.opener, named-window confusion', 'vuln', 'adv', NULL, NULL, 27),
  ('X28', 'Z05', NULL, 'Service Worker abuse / persistence', 'register on victim, persist past clean', 'vuln', 'adv', NULL, NULL, 28),
  ('X29', 'Z05', NULL, 'Trusted Types bypass research', 'modern XSS killer with bypass paths', 'vuln', 'res', NULL, NULL, 29),
  ('X30', 'Z05', NULL, 'Sanitizer bypasses', 'DOMPurify history, sanitize-html', 'vuln', 'adv', NULL, NULL, 30),
  ('X31', 'Z05', NULL, 'CSS injection', 'data exfil via fontfaces, attribute selectors, scrollbar tricks', 'vuln', 'adv', NULL, NULL, 31),
  ('X32', 'Z05', NULL, 'Markdown sanitizer bypasses', '`[link](javascript:)`, HTML pass-through', 'vuln', 'adv', NULL, NULL, 32),
  ('X33', 'Z05', NULL, 'Web Push / notification abuse', 'persistent re-engagement', 'vuln', 'adv', NULL, NULL, 33),
  ('X34', 'Z05', NULL, 'WebRTC attack surface', 'STUN leaks, signaling abuse', 'vuln', 'adv', NULL, NULL, 34),
  ('X35', 'Z05', NULL, 'Browser-specific quirks', 'Safari/Firefox/Chromium divergences', 'vuln', 'adv', NULL, NULL, 35),
  ('X36', 'Z05', NULL, 'COOP / COEP / CORP weaknesses', 'cross-origin isolation gaps', 'vuln', 'adv', NULL, NULL, 36),
  ('X37', 'Z05', NULL, 'Storage Partitioning impacts', 'third-party cookie deprecation effects on attacks', 'vuln', 'adv', NULL, NULL, 37),
  ('X38', 'Z05', NULL, 'SameSite=Lax 2-min window', 'top-level POST behavior shortly after navigation', 'vuln', 'adv', NULL, NULL, 38),
  ('X39', 'Z05', NULL, 'HTML injection via SVG `<use href>`', NULL, 'vuln', 'adv', NULL, NULL, 39),
  ('X40', 'Z05', NULL, 'PostMessage relay chains', 'multi-iframe message routing', 'vuln', 'adv', NULL, NULL, 40),
  ('X41', 'Z05', NULL, 'Self-XSS + login CSRF chain', 'log victim into your account, fire stored XSS', 'vuln', 'adv', NULL, NULL, 41),
  ('X42', 'Z05', NULL, 'XS-Leaks', 'cross-site information leakage via timing/error oracles', 'vuln', 'res', NULL, NULL, 42),
  ('A01', 'Z06', NULL, 'Authentication — weak/default credentials', NULL, 'vuln', 'intro', 'A07', 'CWE-521', 1),
  ('A02', 'Z06', NULL, 'Authentication — username enumeration', 'response timing, error differences, registration confirmation', 'vuln', 'std', NULL, NULL, 2),
  ('A03', 'Z06', NULL, 'Authentication — brute-force protections', 'and bypass (account toggle, IP rotation, captcha bypass)', 'vuln', 'std', NULL, NULL, 3),
  ('A04', 'Z06', NULL, 'Authentication — password policies & resilience', NULL, 'vuln', 'std', NULL, NULL, 4),
  ('A05', 'Z06', NULL, 'Authentication — registration flaws', 'race-based dupe accounts, host header in confirmation links', 'vuln', 'std', NULL, NULL, 5),
  ('A06', 'Z06', NULL, 'Authentication — password reset flaws', 'token leak, host header poisoning, predictable tokens, race', 'vuln', 'std', NULL, NULL, 6),
  ('A07', 'Z06', NULL, 'Authentication — account confirmation token flaws', NULL, 'vuln', 'std', NULL, NULL, 7),
  ('A08', 'Z06', NULL, '2FA/MFA bypass — response manipulation', 'flip a flag in response', 'vuln', 'std', NULL, NULL, 8),
  ('A09', 'Z06', NULL, '2FA/MFA bypass — OTP brute force', 'rate-limit absence', 'vuln', 'std', NULL, NULL, 9),
  ('A10', 'Z06', NULL, '2FA/MFA bypass — backup-code abuse', NULL, 'vuln', 'std', NULL, NULL, 10),
  ('A11', 'Z06', NULL, '2FA/MFA bypass — race conditions in verification', NULL, 'vuln', 'adv', NULL, NULL, 11),
  ('A12', 'Z06', NULL, '2FA/MFA bypass — second-step missing enforcement', 'forgotten on critical endpoints', 'vuln', 'std', NULL, NULL, 12),
  ('A13', 'Z06', NULL, 'OAuth — `state` parameter missing/weak', 'CSRF on OAuth', 'vuln', 'std', NULL, 'CWE-352', 13),
  ('A14', 'Z06', NULL, 'OAuth — `redirect_uri` validation flaws', 'open redirect → token theft', 'vuln', 'std', NULL, NULL, 14),
  ('A15', 'Z06', NULL, 'OAuth — code reuse / replay', NULL, 'vuln', 'std', NULL, NULL, 15),
  ('A16', 'Z06', NULL, 'OAuth — missing PKCE', 'public client interception', 'vuln', 'std', NULL, NULL, 16),
  ('A17', 'Z06', NULL, 'OAuth — scope confusion / scope upgrade', NULL, 'vuln', 'adv', NULL, NULL, 17),
  ('A18', 'Z06', NULL, 'OAuth — account takeover via email', 'pre-account-creation, email change', 'vuln', 'adv', NULL, NULL, 18),
  ('A19', 'Z06', NULL, 'OAuth — token leakage in Referer / logs', NULL, 'vuln', 'std', NULL, NULL, 19),
  ('A20', 'Z06', NULL, 'OAuth — covert redirects', NULL, 'vuln', 'adv', NULL, NULL, 20),
  ('A21', 'Z06', NULL, 'OAuth — response_mode/response_type confusion', NULL, 'vuln', 'adv', NULL, NULL, 21),
  ('A22', 'Z06', NULL, 'OAuth — dynamic client registration abuse', NULL, 'vuln', 'adv', NULL, NULL, 22),
  ('A23', 'Z06', NULL, 'SAML — XML Signature Wrapping (XSW)', NULL, 'vuln', 'adv', NULL, NULL, 23),
  ('A24', 'Z06', NULL, 'SAML — XXE in SAML responses', NULL, 'vuln', 'adv', NULL, NULL, 24),
  ('A25', 'Z06', NULL, 'SAML — signature bypass', NULL, 'vuln', 'adv', NULL, NULL, 25),
  ('A26', 'Z06', NULL, 'SAML — NameID confusion / replay', NULL, 'vuln', 'adv', NULL, NULL, 26),
  ('A27', 'Z06', NULL, 'OIDC — id_token validation flaws', NULL, 'vuln', 'adv', NULL, NULL, 27),
  ('A28', 'Z06', NULL, 'OIDC — alg confusion', NULL, 'vuln', 'adv', NULL, NULL, 28),
  ('A29', 'Z06', NULL, 'OIDC — nonce reuse', NULL, 'vuln', 'adv', NULL, NULL, 29),
  ('A30', 'Z06', NULL, 'Session management — predictable IDs', NULL, 'vuln', 'std', NULL, NULL, 30),
  ('A31', 'Z06', NULL, 'Session management — fixation', NULL, 'vuln', 'std', NULL, NULL, 31),
  ('A32', 'Z06', NULL, 'Session management — hijack via XSS', NULL, 'vuln', 'std', NULL, NULL, 32),
  ('A33', 'Z06', NULL, 'Session management — weak invalidation on logout / password change', NULL, 'vuln', 'std', NULL, NULL, 33),
  ('A34', 'Z06', NULL, 'Session management — multi-session conflicts', NULL, 'vuln', 'adv', NULL, NULL, 34),
  ('A35', 'Z06', NULL, 'Session puzzling / session variable collision', NULL, 'vuln', 'adv', NULL, NULL, 35),
  ('A36', 'Z06', NULL, 'Cookie attribute misuse', 'Secure/HttpOnly/SameSite/Domain/Path errors', 'vuln', 'std', NULL, NULL, 36),
  ('A37', 'Z06', NULL, 'Cookie prefixes (`__Host-` / `__Secure-`) misuse', NULL, 'vuln', 'adv', NULL, NULL, 37),
  ('A38', 'Z06', NULL, 'JWT — `alg=none`', NULL, 'vuln', 'std', NULL, NULL, 38),
  ('A39', 'Z06', NULL, 'JWT — algorithm confusion (HS↔RS)', NULL, 'vuln', 'std', NULL, NULL, 39),
  ('A40', 'Z06', NULL, 'JWT — weak HS256 secret cracking', NULL, 'vuln', 'std', NULL, NULL, 40),
  ('A41', 'Z06', NULL, 'JWT — `kid` header path traversal / SQLi / cmd injection', NULL, 'vuln', 'adv', NULL, NULL, 41),
  ('A42', 'Z06', NULL, 'JWT — `jku` / `jwk` / `x5u` header injection', NULL, 'vuln', 'adv', NULL, NULL, 42),
  ('A43', 'Z06', NULL, 'JWT — embedded JWK attacks', NULL, 'vuln', 'adv', NULL, NULL, 43),
  ('A44', 'Z06', NULL, 'JWT — implementation libs that don''t verify', NULL, 'vuln', 'std', NULL, NULL, 44),
  ('A45', 'Z06', NULL, 'JWT — unsafe claims (typ/cty confusion)', NULL, 'vuln', 'adv', NULL, NULL, 45),
  ('A46', 'Z06', NULL, 'PASETO awareness', NULL, 'vuln', 'intro', NULL, NULL, 46),
  ('A47', 'Z06', NULL, 'Magic-link / token auth — reuse, predictable, leakage', NULL, 'vuln', 'std', NULL, NULL, 47),
  ('A48', 'Z06', NULL, 'SSO & federation flaws', NULL, 'vuln', 'adv', NULL, NULL, 48),
  ('A49', 'Z06', NULL, 'WebAuthn / FIDO2 attack surface', 'challenge reuse, origin validation', 'vuln', 'adv', NULL, NULL, 49),
  ('A50', 'Z06', NULL, 'Passkeys — recovery & cross-device sync flaws', NULL, 'vuln', 'adv', NULL, NULL, 50),
  ('A51', 'Z06', NULL, 'mTLS misconfigurations', 'client cert validation gaps', 'vuln', 'adv', NULL, NULL, 51),
  ('A52', 'Z06', NULL, 'API key & secret hygiene', 'leaked keys, key reuse, scope abuse', 'vuln', 'std', NULL, NULL, 52),
  ('A53', 'Z06', NULL, 'Kerberos in web context (light)', 'deeper in red team', 'vuln', 'adv', NULL, NULL, 53),
  ('A54', 'Z06', NULL, 'NTLM authentication on web endpoints', NULL, 'vuln', 'adv', NULL, NULL, 54),
  ('A55', 'Z06', NULL, 'Cookie injection / cookie tossing', 'subdomain trust violations', 'vuln', 'adv', NULL, NULL, 55),
  ('A56', 'Z06', NULL, 'Hash length-extension attacks', 'auth-scheme-dependent', 'vuln', 'adv', NULL, NULL, 56),
  ('A57', 'Z06', NULL, 'Padding oracle on auth tokens', 'Bleichenbacher / POODLE-class', 'vuln', 'adv', NULL, NULL, 57),
  ('A58', 'Z06', NULL, 'Account takeover playbook', 'chained primitives template', 'vuln', 'std', NULL, NULL, 58),
  ('A59', 'Z06', NULL, 'Pre-account-creation takeover', 'register email victim later uses', 'vuln', 'adv', NULL, NULL, 59),
  ('A60', 'Z06', NULL, 'Email change flaws', 'unverified change, race-based change, token reuse', 'vuln', 'std', NULL, NULL, 60),
  ('A61', 'Z06', NULL, 'OAuth + email-trust ATO chain', 'combine A18 + A60', 'vuln', 'adv', NULL, NULL, 61),
  ('AC01', 'Z07', NULL, 'IDOR — numeric', NULL, 'vuln', 'std', 'A01', 'CWE-639', 1),
  ('AC02', 'Z07', NULL, 'IDOR — GUID-guessable / predictable', NULL, 'vuln', 'std', NULL, NULL, 2),
  ('AC03', 'Z07', NULL, 'IDOR — encoded references', NULL, 'vuln', 'std', NULL, NULL, 3),
  ('AC04', 'Z07', NULL, 'BOLA — API equivalent of IDOR', NULL, 'vuln', 'std', 'API1', NULL, 4),
  ('AC05', 'Z07', NULL, 'Vertical privesc — user → admin', NULL, 'vuln', 'std', NULL, NULL, 5),
  ('AC06', 'Z07', NULL, 'Horizontal privesc — user → other user', NULL, 'vuln', 'std', NULL, NULL, 6),
  ('AC07', 'Z07', NULL, 'Forced browsing', 'guessing/finding unprotected endpoints', 'vuln', 'std', NULL, NULL, 7),
  ('AC08', 'Z07', NULL, 'Mass assignment / autobinding', 'sneak `isAdmin: true`', 'vuln', 'std', NULL, 'CWE-915', 8),
  ('AC09', 'Z07', NULL, 'Method-based bypass', 'POST→PUT/PATCH/DELETE/OPTIONS', 'vuln', 'adv', NULL, NULL, 9),
  ('AC10', 'Z07', NULL, 'Path-based bypass — case sensitivity', '`/Admin` vs `/admin`', 'vuln', 'adv', NULL, NULL, 10),
  ('AC11', 'Z07', NULL, 'Path-based bypass — trailing slashes / encoding', NULL, 'vuln', 'adv', NULL, NULL, 11),
  ('AC12', 'Z07', NULL, 'Path-based bypass — semicolons / matrix params', NULL, 'vuln', 'adv', NULL, NULL, 12),
  ('AC13', 'Z07', NULL, 'Header-based bypass', '`X-Original-URL`, `X-Rewrite-URL`, `X-Forwarded-*`', 'vuln', 'adv', NULL, NULL, 13),
  ('AC14', 'Z07', NULL, 'API versioning bypass', 'older `/v1/` endpoints with weaker checks', 'vuln', 'std', NULL, NULL, 14),
  ('AC15', 'Z07', NULL, 'BFLA — Broken Function Level Authorization', NULL, 'vuln', 'std', 'API5', NULL, 15),
  ('AC16', 'Z07', NULL, 'Referrer-based access control flaws', 'trust on Referer header', 'vuln', 'adv', NULL, NULL, 16),
  ('AC17', 'Z07', NULL, 'GraphQL field-level authz bypass', NULL, 'vuln', 'adv', NULL, NULL, 17),
  ('AC18', 'Z07', NULL, 'GraphQL operation aliasing for authz bypass', NULL, 'vuln', 'adv', NULL, NULL, 18),
  ('AC19', 'Z07', NULL, 'Multi-tenant data leakage', NULL, 'vuln', 'adv', NULL, NULL, 19),
  ('AC20', 'Z07', NULL, 'RBAC vs ABAC implementation flaws', NULL, 'vuln', 'adv', NULL, NULL, 20);

INSERT OR IGNORE INTO node (id, zone_id, parent_id, name, gloss, kind, depth, owasp_tag, cwe_id, sort_order) VALUES
  ('AC21', 'Z07', NULL, 'Authz checks at wrong layer', 'UI hides, API doesn''t enforce', 'vuln', 'std', NULL, NULL, 21),
  ('AC22', 'Z07', NULL, 'Race condition in authz checks', NULL, 'vuln', 'adv', NULL, NULL, 22),
  ('AC23', 'Z07', NULL, 'Authz bypass via TLS/transport tricks', 'mTLS misconfigs', 'vuln', 'adv', NULL, NULL, 23),
  ('AC24', 'Z07', NULL, 'OAuth scope escalation', NULL, 'vuln', 'adv', NULL, NULL, 24),
  ('AC25', 'Z07', NULL, 'Workspace / tenant boundary bypass', NULL, 'vuln', 'adv', NULL, NULL, 25),
  ('AC26', 'Z07', NULL, 'Role downgrade keeping access', 'tier transitions', 'vuln', 'adv', NULL, NULL, 26),
  ('AC27', 'Z07', NULL, 'SaaS impersonation flaws', 'admin-impersonate-user features', 'vuln', 'adv', NULL, NULL, 27),
  ('AC28', 'Z07', NULL, 'Org/team membership manipulation', 'invite-flow abuse', 'vuln', 'adv', NULL, NULL, 28),
  ('S01', 'Z08', NULL, 'SSRF — basic', NULL, 'vuln', 'std', 'A10', 'CWE-918', 1),
  ('S02', 'Z08', NULL, 'SSRF — blind via OAST', NULL, 'vuln', 'std', NULL, NULL, 2),
  ('S03', 'Z08', NULL, 'SSRF — cloud metadata abuse', 'AWS 169.254.169.254, GCP, Azure, Alibaba, DO, Oracle', 'vuln', 'adv', NULL, NULL, 3),
  ('S04', 'Z08', NULL, 'SSRF — DNS rebinding', NULL, 'vuln', 'adv', NULL, NULL, 4),
  ('S05', 'Z08', NULL, 'SSRF — filter bypass — IP encoding tricks', 'decimal, octal, hex, IPv6-mapped', 'vuln', 'adv', NULL, NULL, 5),
  ('S06', 'Z08', NULL, 'SSRF — filter bypass — redirects', NULL, 'vuln', 'std', NULL, NULL, 6),
  ('S07', 'Z08', NULL, 'SSRF — gopher / file / dict scheme abuse', 'Redis/Memcached pivot', 'vuln', 'adv', NULL, NULL, 7),
  ('S08', 'Z08', NULL, 'SSRF — chains to RCE', 'internal admin panel + cmd inj', 'vuln', 'adv', NULL, NULL, 8),
  ('S09', 'Z08', NULL, 'XXE — classic in-band', NULL, 'vuln', 'std', 'A05', 'CWE-611', 9),
  ('S10', 'Z08', NULL, 'XXE — blind / OOB', NULL, 'vuln', 'adv', NULL, NULL, 10),
  ('S11', 'Z08', NULL, 'XXE — XInclude attacks', NULL, 'vuln', 'adv', NULL, NULL, 11),
  ('S12', 'Z08', NULL, 'XXE — parameter entities', NULL, 'vuln', 'adv', NULL, NULL, 12),
  ('S13', 'Z08', NULL, 'XXE — in SAML / SVG / DOCX / XLSX / RSS', NULL, 'vuln', 'adv', NULL, NULL, 13),
  ('S14', 'Z08', NULL, 'File upload — extension bypass', 'double, null byte, case, alt extensions', 'vuln', 'std', NULL, 'CWE-434', 14),
  ('S15', 'Z08', NULL, 'File upload — Content-Type spoofing', NULL, 'vuln', 'std', NULL, NULL, 15),
  ('S16', 'Z08', NULL, 'File upload — magic byte manipulation', NULL, 'vuln', 'std', NULL, NULL, 16),
  ('S17', 'Z08', NULL, 'File upload — path injection in filename', NULL, 'vuln', 'adv', NULL, NULL, 17),
  ('S18', 'Z08', NULL, 'File upload — polyglot files (GIFAR etc.)', NULL, 'vuln', 'adv', NULL, NULL, 18),
  ('S19', 'Z08', NULL, 'File upload — ImageMagick (ImageTragick) chains', NULL, 'vuln', 'adv', NULL, NULL, 19),
  ('S20', 'Z08', NULL, 'File upload — archive uploads (zip-slip, symlink)', NULL, 'vuln', 'adv', NULL, NULL, 20),
  ('S21', 'Z08', NULL, 'File upload — SVG / XSS-on-render', NULL, 'vuln', 'std', NULL, NULL, 21),
  ('S22', 'Z08', NULL, 'Path traversal — classic', NULL, 'vuln', 'std', NULL, 'CWE-22', 22),
  ('S23', 'Z08', NULL, 'Path traversal — encoded variants', NULL, 'vuln', 'std', NULL, NULL, 23),
  ('S24', 'Z08', NULL, 'LFI — classic include', NULL, 'vuln', 'std', NULL, NULL, 24),
  ('S25', 'Z08', NULL, 'LFI — PHP wrappers (`php://filter`, `data://`, `expect://`, `zip://`, `phar://`)', NULL, 'vuln', 'adv', NULL, NULL, 25),
  ('S26', 'Z08', NULL, 'LFI — log poisoning → RCE', NULL, 'vuln', 'adv', NULL, NULL, 26),
  ('S28', 'Z08', NULL, 'LFI — session-file inclusion', NULL, 'vuln', 'adv', NULL, NULL, 27),
  ('S29', 'Z08', NULL, 'RFI', 'when remote includes still possible', 'vuln', 'adv', NULL, NULL, 28),
  ('S30', 'Z08', NULL, 'Insecure deserialization — PHP unserialize / phar', NULL, 'vuln', 'adv', 'A08', 'CWE-502', 29),
  ('S31', 'Z08', NULL, 'Insecure deserialization — Java (ysoserial gadget chains)', NULL, 'vuln', 'adv', NULL, NULL, 30),
  ('S32', 'Z08', NULL, 'Insecure deserialization — .NET (BinaryFormatter, JSON.NET TypeNameHandling, ViewState)', NULL, 'vuln', 'adv', NULL, NULL, 31),
  ('S33', 'Z08', NULL, 'Insecure deserialization — Python pickle', NULL, 'vuln', 'adv', NULL, NULL, 32),
  ('S34', 'Z08', NULL, 'Insecure deserialization — Ruby Marshal / YAML', NULL, 'vuln', 'adv', NULL, NULL, 33),
  ('S35', 'Z08', NULL, 'Insecure deserialization — Node.js (node-serialize, vm2 escapes)', NULL, 'vuln', 'adv', NULL, NULL, 34),
  ('S36', 'Z08', NULL, 'Server-side prototype pollution', 'Node merge/clone gadgets', 'vuln', 'adv', NULL, NULL, 35),
  ('S37', 'Z08', NULL, 'Race conditions — classic TOCTOU', NULL, 'vuln', 'std', NULL, NULL, 36),
  ('S38', 'Z08', NULL, 'Race conditions — single-packet attack (HTTP/2)', NULL, 'vuln', 'adv', NULL, NULL, 37),
  ('S39', 'Z08', NULL, 'Race conditions — limit-overrun (coupon, voucher, gift card)', NULL, 'vuln', 'std', NULL, NULL, 38),
  ('S40', 'Z08', NULL, 'Server-side XSS in PDF generators / headless browser rendering', NULL, 'vuln', 'adv', NULL, NULL, 39),
  ('S41', 'Z08', NULL, 'Server-side Markdown rendering vulns', NULL, 'vuln', 'adv', NULL, NULL, 40),
  ('S42', 'Z08', NULL, 'Image / video processor exploitation chains', 'ImageMagick, ffmpeg, ExifTool', 'vuln', 'adv', NULL, NULL, 41),
  ('S43', 'Z08', NULL, 'Antivirus / EDR sandbox evasion via web upload', 'light awareness', 'vuln', 'adv', NULL, NULL, 42),
  ('S44', 'Z08', NULL, 'Email-server attack surface (web-adjacent)', 'IMAP/SMTP exposed via web', 'vuln', 'adv', NULL, NULL, 43),
  ('S45', 'Z08', NULL, 'LDAP/AD injection in server-side enterprise apps', NULL, 'vuln', 'adv', NULL, NULL, 44),
  ('S46', 'Z08', NULL, 'Memory-safety bugs in web servers', 'rare for pentesters, awareness', 'vuln', 'res', NULL, NULL, 45),
  ('S47', 'Z08', NULL, 'Web application firewall logic bugs', 'exploiting WAF parsing differences', 'vuln', 'adv', NULL, NULL, 46),
  ('H01', 'Z09', NULL, 'HTTP Request Smuggling — CL.TE', NULL, 'vuln', 'adv', NULL, 'CWE-444', 1),
  ('H02', 'Z09', NULL, 'HTTP Request Smuggling — TE.CL', NULL, 'vuln', 'adv', NULL, NULL, 2),
  ('H03', 'Z09', NULL, 'HTTP Request Smuggling — TE.TE', NULL, 'vuln', 'adv', NULL, NULL, 3),
  ('H04', 'Z09', NULL, 'HTTP Request Smuggling — CL.0', NULL, 'vuln', 'adv', NULL, NULL, 4),
  ('H05', 'Z09', NULL, 'HTTP Request Smuggling — h2.cl', 'HTTP/2 to HTTP/1 downgrade', 'vuln', 'res', NULL, NULL, 5),
  ('H06', 'Z09', NULL, 'HTTP Request Smuggling — h2.te', NULL, 'vuln', 'res', NULL, NULL, 6),
  ('H07', 'Z09', NULL, 'HTTP/2 request tunneling (browser-powered)', 'James Kettle research', 'vuln', 'res', NULL, NULL, 7),
  ('H08', 'Z09', NULL, 'HTTP/3 / QUIC quirks', NULL, 'vuln', 'res', NULL, NULL, 8),
  ('H09', 'Z09', NULL, 'Web cache poisoning — unkeyed inputs', NULL, 'vuln', 'adv', NULL, NULL, 9),
  ('H10', 'Z09', NULL, 'Web cache poisoning — unkeyed headers', NULL, 'vuln', 'adv', NULL, NULL, 10),
  ('H11', 'Z09', NULL, 'Web cache poisoning — fat-GET', NULL, 'vuln', 'adv', NULL, NULL, 11),
  ('H12', 'Z09', NULL, 'Web cache poisoning — parameter cloaking', NULL, 'vuln', 'res', NULL, NULL, 12),
  ('H13', 'Z09', NULL, 'Web cache poisoning — DoS via cache', NULL, 'vuln', 'adv', NULL, NULL, 13),
  ('H14', 'Z09', NULL, 'Web cache poisoning — XSS via cache', NULL, 'vuln', 'adv', NULL, NULL, 14),
  ('H15', 'Z09', NULL, 'Web cache deception — extension confusion', NULL, 'vuln', 'adv', NULL, NULL, 15),
  ('H16', 'Z09', NULL, 'Web cache deception — path confusion', NULL, 'vuln', 'adv', NULL, NULL, 16),
  ('H17', 'Z09', NULL, 'Cache key normalization research', NULL, 'vuln', 'res', NULL, NULL, 17),
  ('H18', 'Z09', NULL, 'Host header — password reset poisoning', NULL, 'vuln', 'std', NULL, NULL, 18),
  ('H19', 'Z09', NULL, 'Host header — routing-based ACL bypass', NULL, 'vuln', 'adv', NULL, NULL, 19),
  ('H20', 'Z09', NULL, 'Host header — vhost routing differential', NULL, 'vuln', 'adv', NULL, NULL, 20),
  ('H21', 'Z09', NULL, 'Range header attacks', NULL, 'vuln', 'adv', NULL, NULL, 21),
  ('H22', 'Z09', NULL, 'Cookie tossing / cookie injection', 'cross-link A55', 'vuln', 'adv', NULL, NULL, 22),
  ('H23', 'Z09', NULL, 'HTTP parameter pollution (HPP)', NULL, 'vuln', 'std', NULL, 'CWE-235', 23),
  ('H24', 'Z09', NULL, 'Connection reuse / pipelining quirks', NULL, 'vuln', 'adv', NULL, NULL, 24),
  ('H25', 'Z09', NULL, '0-RTT replay (TLS 1.3)', NULL, 'vuln', 'res', NULL, NULL, 25),
  ('H26', 'Z09', NULL, 'ESI (Edge Side Include) injection', NULL, 'vuln', 'adv', NULL, NULL, 26),
  ('H27', 'Z09', NULL, 'Misrouting via load-balancer header parsing', NULL, 'vuln', 'res', NULL, NULL, 27),
  ('H28', 'Z09', NULL, 'Header normalization differential (front-end vs back-end disagreement)', NULL, 'vuln', 'res', NULL, NULL, 28),
  ('H29', 'Z09', NULL, 'HTTP/2 header smuggling via `:method` / `:scheme`', NULL, 'vuln', 'res', NULL, NULL, 29),
  ('H30', 'Z09', NULL, 'Server-Sent Events (SSE) attack surface', NULL, 'vuln', 'adv', NULL, NULL, 30),
  ('H31', 'Z09', NULL, 'Trailer header tricks', NULL, 'vuln', 'res', NULL, NULL, 31),
  ('H32', 'Z09', NULL, 'chunked encoding edge cases', NULL, 'vuln', 'res', NULL, NULL, 32),
  ('C01', 'Z10', NULL, 'Classic CSRF', NULL, 'vuln', 'std', 'A01', 'CWE-352', 1),
  ('C02', 'Z10', NULL, 'CSRF token — predictable / weak', NULL, 'vuln', 'std', NULL, NULL, 2),
  ('C03', 'Z10', NULL, 'CSRF token — omitted on critical endpoints', NULL, 'vuln', 'std', NULL, NULL, 3),
  ('C04', 'Z10', NULL, 'CSRF token — validated only when present', 'drop the param to bypass', 'vuln', 'std', NULL, NULL, 4),
  ('C05', 'Z10', NULL, 'CSRF token — not bound to session', NULL, 'vuln', 'std', NULL, NULL, 5),
  ('C06', 'Z10', NULL, 'SameSite — Lax behavior', NULL, 'vuln', 'std', NULL, NULL, 6),
  ('C07', 'Z10', NULL, 'SameSite — Strict behavior', NULL, 'vuln', 'std', NULL, NULL, 7),
  ('C08', 'Z10', NULL, 'SameSite — None (and the requirement for Secure)', NULL, 'vuln', 'std', NULL, NULL, 8),
  ('C09', 'Z10', NULL, 'SameSite — Lax 2-min window attacks', 'cross-link X38', 'vuln', 'adv', NULL, NULL, 9),
  ('C10', 'Z10', NULL, 'Login CSRF', 'force victim to log into attacker''s account', 'vuln', 'std', NULL, NULL, 10),
  ('C11', 'Z10', NULL, 'JSON CSRF', 'Content-Type tricks, text/plain bypasses', 'vuln', 'adv', NULL, NULL, 11),
  ('C12', 'Z10', NULL, 'Flash-era CSRF leftovers', 'historical awareness', 'vuln', 'res', NULL, NULL, 12),
  ('C13', 'Z10', NULL, 'CORS-misconfig-enabled CSRF', NULL, 'vuln', 'adv', NULL, NULL, 13),
  ('C14', 'Z10', NULL, 'Cross-Site Tracing (XST)', 'historical', 'vuln', 'res', NULL, NULL, 14);

INSERT OR IGNORE INTO node (id, zone_id, parent_id, name, gloss, kind, depth, owasp_tag, cwe_id, sort_order) VALUES
  ('C15', 'Z10', NULL, 'CSRF via subdomain trust', NULL, 'vuln', 'adv', NULL, NULL, 15),
  ('C16', 'Z10', NULL, 'GraphQL CSRF — mutation via GET / form-encoded', NULL, 'vuln', 'adv', NULL, NULL, 16),
  ('C17', 'Z10', NULL, 'CSRF on file-upload endpoints', NULL, 'vuln', 'adv', NULL, NULL, 17),
  ('C18', 'Z10', NULL, 'Logout CSRF', 'annoyance escalating to chains', 'vuln', 'std', NULL, NULL, 18),
  ('API01', 'Z11', NULL, 'OWASP API Security Top 10 — walkthrough', NULL, 'vuln', 'std', NULL, NULL, 1),
  ('API02', 'Z11', NULL, 'REST — verb-based logic flaws', NULL, 'vuln', 'std', NULL, NULL, 2),
  ('API03', 'Z11', NULL, 'REST — content-type-driven logic', 'JSON/XML/form interchangeable', 'vuln', 'adv', NULL, NULL, 3),
  ('API04', 'Z11', NULL, 'REST — pagination / sort / filter abuse', NULL, 'vuln', 'std', NULL, NULL, 4),
  ('API05', 'Z11', NULL, 'REST — batching endpoints', NULL, 'vuln', 'adv', NULL, NULL, 5),
  ('API06', 'Z11', NULL, 'GraphQL — introspection abuse', NULL, 'vuln', 'std', NULL, NULL, 6),
  ('API07', 'Z11', NULL, 'GraphQL — schema mining when introspection disabled', 'error suggestions, fuzzing', 'vuln', 'adv', NULL, NULL, 7),
  ('API08', 'Z11', NULL, 'GraphQL — alias-based DoS', NULL, 'vuln', 'adv', NULL, NULL, 8),
  ('API09', 'Z11', NULL, 'GraphQL — depth/complexity DoS', NULL, 'vuln', 'adv', NULL, NULL, 9),
  ('API10', 'Z11', NULL, 'GraphQL — batching attacks (auth bypass, brute force)', NULL, 'vuln', 'adv', NULL, NULL, 10),
  ('API11', 'Z11', NULL, 'GraphQL — suggestions / typo-based info leak', NULL, 'vuln', 'adv', NULL, NULL, 11),
  ('API12', 'Z11', NULL, 'GraphQL — CSRF on mutations', NULL, 'vuln', 'adv', NULL, NULL, 12),
  ('API13', 'Z11', NULL, 'GraphQL — resolver authz flaws', NULL, 'vuln', 'std', NULL, NULL, 13),
  ('API14', 'Z11', NULL, 'GraphQL — persisted queries quirks', NULL, 'vuln', 'adv', NULL, NULL, 14),
  ('API15', 'Z11', NULL, 'GraphQL — Apollo Federation specifics', NULL, 'vuln', 'adv', NULL, NULL, 15),
  ('API16', 'Z11', NULL, 'SOAP — XXE in SOAP', NULL, 'vuln', 'adv', NULL, NULL, 16),
  ('API17', 'Z11', NULL, 'SOAP — SOAPAction abuse', NULL, 'vuln', 'adv', NULL, NULL, 17),
  ('API18', 'Z11', NULL, 'XML-RPC', 'pingback abuse, system.* methods', 'vuln', 'adv', NULL, NULL, 18),
  ('API19', 'Z11', NULL, 'gRPC', 'proto inspection, reflection, auth', 'vuln', 'adv', NULL, NULL, 19),
  ('API20', 'Z11', NULL, 'gRPC-Web', 'browser-exposed gRPC', 'vuln', 'adv', NULL, NULL, 20),
  ('API21', 'Z11', NULL, 'AsyncAPI / event-driven', 'Kafka, MQTT, AMQP via web bridges', 'vuln', 'adv', NULL, NULL, 21),
  ('API22', 'Z11', NULL, 'WebSocket as API — auth on connect vs per-message', NULL, 'vuln', 'std', NULL, NULL, 22),
  ('API23', 'Z11', NULL, 'WebSocket — sub-protocol confusion', NULL, 'vuln', 'adv', NULL, NULL, 23),
  ('API24', 'Z11', NULL, 'WebSocket — message-format injection', NULL, 'vuln', 'std', NULL, NULL, 24),
  ('API25', 'Z11', NULL, 'API key & secret leakage hunting', 'cross-link A52', 'vuln', 'std', NULL, NULL, 25),
  ('API26', 'Z11', NULL, 'API rate-limit bypass classes', 'IP, account, header, endpoint pivots', 'vuln', 'std', NULL, NULL, 26),
  ('API27', 'Z11', NULL, 'API versioning issues', 'cross-link AC14', 'vuln', 'std', NULL, NULL, 27),
  ('API28', 'Z11', NULL, 'Postman / OpenAPI doc leakage and abuse', NULL, 'vuln', 'std', NULL, NULL, 28),
  ('API29', 'Z11', NULL, 'OData attack surface', 'legacy enterprise', 'vuln', 'adv', NULL, NULL, 29),
  ('API30', 'Z11', NULL, 'Webhooks — SSRF target', NULL, 'vuln', 'adv', NULL, NULL, 30),
  ('API31', 'Z11', NULL, 'Webhooks — replay', NULL, 'vuln', 'std', NULL, NULL, 31),
  ('API32', 'Z11', NULL, 'Webhooks — signature bypass', NULL, 'vuln', 'adv', NULL, NULL, 32),
  ('API33', 'Z11', NULL, 'API gateway product specifics', 'Kong, AWS API Gateway, Azure APIM', 'vuln', 'adv', NULL, NULL, 33),
  ('API34', 'Z11', NULL, 'GraphQL field suggestion / __schema partial leak', NULL, 'vuln', 'adv', NULL, NULL, 34),
  ('API35', 'Z11', NULL, 'RPC-over-HTTP custom protocols', 'JSON-RPC, custom', 'vuln', 'adv', NULL, NULL, 35),
  ('D01', 'Z12', NULL, 'Verbose errors / stack traces', NULL, 'vuln', 'intro', 'A05', 'CWE-209', 1),
  ('D02', 'Z12', NULL, 'Source maps in production', NULL, 'vuln', 'std', NULL, NULL, 2),
  ('D03', 'Z12', NULL, '`.git` / `.svn` / `.hg` directory exposure', NULL, 'vuln', 'std', NULL, NULL, 3),
  ('D04', 'Z12', NULL, '`.env` / config / backup file exposure', NULL, 'vuln', 'std', NULL, NULL, 4),
  ('D05', 'Z12', NULL, 'Debug endpoints / actuator (Spring Boot, Django Debug, Rails routes)', NULL, 'vuln', 'std', NULL, NULL, 5),
  ('D06', 'Z12', NULL, 'Default install pages / setup wizards online', NULL, 'vuln', 'std', NULL, NULL, 6),
  ('D07', 'Z12', NULL, 'Subdomain takeover — CNAME-based', NULL, 'vuln', 'std', NULL, NULL, 7),
  ('D08', 'Z12', NULL, 'Subdomain takeover — provider-by-provider', 'S3, Heroku, Azure, GitHub Pages, Tilda, Webflow, Vercel', 'vuln', 'adv', NULL, NULL, 8),
  ('D09', 'Z12', NULL, 'Dangling DNS records (non-CNAME)', NULL, 'vuln', 'adv', NULL, NULL, 9),
  ('D10', 'Z12', NULL, 'Cloud bucket misconfigurations — S3', NULL, 'vuln', 'std', NULL, NULL, 10),
  ('D11', 'Z12', NULL, 'Cloud bucket misconfigurations — GCS', NULL, 'vuln', 'std', NULL, NULL, 11),
  ('D12', 'Z12', NULL, 'Cloud bucket misconfigurations — Azure Blob', NULL, 'vuln', 'std', NULL, NULL, 12),
  ('D13', 'Z12', NULL, 'CORS over-permissive policies', NULL, 'vuln', 'std', NULL, NULL, 13),
  ('D14', 'Z12', NULL, 'Information leakage in HTTP headers', 'Server, X-Powered-By, X-AspNet-Version', 'vuln', 'intro', NULL, NULL, 14),
  ('D15', 'Z12', NULL, 'Internal IPs / hostnames in responses', NULL, 'vuln', 'std', NULL, NULL, 15),
  ('D16', 'Z12', NULL, 'Verbose docs exposed (Swagger UI on prod)', NULL, 'vuln', 'std', NULL, NULL, 16),
  ('D17', 'Z12', NULL, 'Public CI/CD artifacts (job logs, package registries)', NULL, 'vuln', 'std', NULL, NULL, 17),
  ('D18', 'Z12', NULL, 'Public CDN-cached secrets', NULL, 'vuln', 'adv', NULL, NULL, 18),
  ('D19', 'Z12', NULL, 'Open Elasticsearch / MongoDB / Kibana web-facing UIs', NULL, 'vuln', 'std', NULL, NULL, 19),
  ('D20', 'Z12', NULL, 'Open Jenkins / GitLab / Jira admin', NULL, 'vuln', 'std', NULL, NULL, 20),
  ('D21', 'Z12', NULL, 'SSO / OAuth client misconfigurations', NULL, 'vuln', 'adv', NULL, NULL, 21),
  ('D22', 'Z12', NULL, 'robots.txt / sitemap.xml reveal patterns', NULL, 'vuln', 'intro', NULL, NULL, 22),
  ('D23', 'Z12', NULL, 'GraphQL introspection in prod', 'cross-link API06', 'vuln', 'std', NULL, NULL, 23),
  ('D24', 'Z12', NULL, 'Public Postman workspaces leaking creds', NULL, 'vuln', 'std', NULL, NULL, 24),
  ('D25', 'Z12', NULL, 'Open admin panels with default creds', NULL, 'vuln', 'intro', NULL, NULL, 25),
  ('D26', 'Z12', NULL, 'Dev/staging environments accidentally public', NULL, 'vuln', 'std', NULL, NULL, 26),
  ('D27', 'Z12', NULL, 'Internal monorepo / source code exposure', NULL, 'vuln', 'std', NULL, NULL, 27),
  ('D28', 'Z12', NULL, 'Backup files (`.bak`, `.swp`, `~`, `.old`) hunting', NULL, 'vuln', 'std', NULL, NULL, 28),
  ('D29', 'Z12', NULL, 'Public CI secret leakage (GitHub Actions logs)', NULL, 'vuln', 'std', NULL, NULL, 29),
  ('BL01', 'Z13', NULL, 'Workflow / state-machine bypass', 'skipping required steps', 'vuln', 'std', NULL, 'CWE-841', 1),
  ('BL02', 'Z13', NULL, 'Race-based business logic', 'coupons, votes, transfers', 'vuln', 'std', NULL, NULL, 2),
  ('BL03', 'Z13', NULL, 'Numeric tricks — negative quantities', NULL, 'vuln', 'std', NULL, NULL, 3),
  ('BL04', 'Z13', NULL, 'Numeric tricks — integer overflow', NULL, 'vuln', 'adv', NULL, NULL, 4),
  ('BL05', 'Z13', NULL, 'Numeric tricks — float precision / scientific notation', NULL, 'vuln', 'adv', NULL, NULL, 5),
  ('BL06', 'Z13', NULL, 'Currency / pricing — race in checkout', NULL, 'vuln', 'adv', NULL, NULL, 6),
  ('BL07', 'Z13', NULL, 'Currency / pricing — edit-after-confirm', NULL, 'vuln', 'std', NULL, NULL, 7),
  ('BL08', 'Z13', NULL, 'Currency confusion — switching currency mid-flow', NULL, 'vuln', 'adv', NULL, NULL, 8),
  ('BL09', 'Z13', NULL, 'Trust boundary violations', 'server trusting client validation', 'vuln', 'std', NULL, NULL, 9),
  ('BL10', 'Z13', NULL, 'Quota / rate-limit bypass — different account / IP / endpoint', NULL, 'vuln', 'std', NULL, NULL, 10),
  ('BL11', 'Z13', NULL, 'Referral / promo abuse', NULL, 'vuln', 'std', NULL, NULL, 11),
  ('BL12', 'Z13', NULL, 'Authorization on hidden parameters', 'fields that change ownership/role/price', 'vuln', 'std', NULL, NULL, 12),
  ('BL13', 'Z13', NULL, 'Multi-factor signup/checkout bypass', NULL, 'vuln', 'adv', NULL, NULL, 13),
  ('BL14', 'Z13', NULL, 'Time-based logic flaws', 'timezone, expiry windows, server-clock trust', 'vuln', 'adv', NULL, NULL, 14),
  ('BL15', 'Z13', NULL, 'Inventory / stock manipulation', NULL, 'vuln', 'adv', NULL, NULL, 15),
  ('BL16', 'Z13', NULL, 'Voucher / gift card abuse', NULL, 'vuln', 'std', NULL, NULL, 16),
  ('BL17', 'Z13', NULL, 'Loyalty / point system abuse', NULL, 'vuln', 'std', NULL, NULL, 17),
  ('BL18', 'Z13', NULL, 'Subscription / billing cycle exploitation', NULL, 'vuln', 'adv', NULL, NULL, 18),
  ('BL19', 'Z13', NULL, 'Tier / role transitions — downgrade keeping access', 'cross-link AC26', 'vuln', 'adv', NULL, NULL, 19),
  ('BL20', 'Z13', NULL, 'Refund / cancellation logic abuse', NULL, 'vuln', 'std', NULL, NULL, 20),
  ('BL21', 'Z13', NULL, 'Bulk-action endpoints with per-item authz absent', NULL, 'vuln', 'adv', NULL, NULL, 21),
  ('BL22', 'Z13', NULL, 'Hidden / archived items still mutable', NULL, 'vuln', 'adv', NULL, NULL, 22),
  ('BL23', 'Z13', NULL, 'Search/filter exposing data not in normal views', NULL, 'vuln', 'std', NULL, NULL, 23),
  ('SR01', 'Z14', NULL, 'Read-only audit methodology', 'entry points, scope mapping', 'methodology', 'std', NULL, NULL, 1),
  ('SR02', 'Z14', NULL, 'Manual taint analysis (sources → sinks)', NULL, 'methodology', 'std', NULL, NULL, 2),
  ('SR03', 'Z14', NULL, 'Whitebox vs blackbox tradeoffs', NULL, 'methodology', 'std', NULL, NULL, 3),
  ('SR04', 'Z14', NULL, 'Diff-based hunting', 'CVE writeup → source diff → variant hunt', 'methodology', 'adv', NULL, NULL, 4),
  ('SR05', 'Z14', NULL, 'Reading framework source for exploit gadgets', NULL, 'methodology', 'adv', NULL, NULL, 5),
  ('SR06', 'Z14', NULL, 'Java patterns — servlets, JSP, Spring controllers, JPA', NULL, 'methodology', 'adv', NULL, NULL, 6),
  ('SR07', 'Z14', NULL, 'PHP patterns — deserialize, include, escape function gaps', NULL, 'methodology', 'adv', NULL, NULL, 7),
  ('SR08', 'Z14', NULL, 'Python patterns — eval/exec, pickle, format strings, Flask templates', NULL, 'methodology', 'adv', NULL, NULL, 8),
  ('SR09', 'Z14', NULL, 'Ruby patterns — Rails mass-assignment, Marshal, eval', NULL, 'methodology', 'adv', NULL, NULL, 9);

INSERT OR IGNORE INTO node (id, zone_id, parent_id, name, gloss, kind, depth, owasp_tag, cwe_id, sort_order) VALUES
  ('SR10', 'Z14', NULL, 'Node.js patterns — eval, vm sandboxes, prototype pollution sinks', NULL, 'methodology', 'adv', NULL, NULL, 10),
  ('SR11', 'Z14', NULL, '.NET patterns — BinaryFormatter, JSON.NET TypeNameHandling, ViewState', NULL, 'methodology', 'adv', NULL, NULL, 11),
  ('SR12', 'Z14', NULL, 'Go patterns — template injection, exec, unsafe', NULL, 'methodology', 'adv', NULL, NULL, 12),
  ('SR13', 'Z14', NULL, 'Spring framework specific antipatterns', NULL, 'methodology', 'adv', NULL, NULL, 13),
  ('SR14', 'Z14', NULL, 'Django specific antipatterns', NULL, 'methodology', 'adv', NULL, NULL, 14),
  ('SR15', 'Z14', NULL, 'Rails specific antipatterns', NULL, 'methodology', 'adv', NULL, NULL, 15),
  ('SR16', 'Z14', NULL, 'Laravel specific antipatterns', NULL, 'methodology', 'adv', NULL, NULL, 16),
  ('SR17', 'Z14', NULL, 'Express / Fastify specific antipatterns', NULL, 'methodology', 'adv', NULL, NULL, 17),
  ('SR18', 'Z14', NULL, 'ASP.NET specific antipatterns', NULL, 'methodology', 'adv', NULL, NULL, 18),
  ('SR19', 'Z14', NULL, 'FastAPI / Flask specific antipatterns', NULL, 'methodology', 'adv', NULL, NULL, 19),
  ('SR20', 'Z14', NULL, 'Static analysis with Semgrep — writing custom rules', NULL, 'methodology', 'adv', NULL, NULL, 20),
  ('SR21', 'Z14', NULL, 'Static analysis with CodeQL — basic queries', NULL, 'methodology', 'res', NULL, NULL, 21),
  ('SR22', 'Z14', NULL, 'Reading minified frontend bundles back to source', NULL, 'methodology', 'adv', NULL, NULL, 22),
  ('SR23', 'Z14', NULL, 'Bug-bounty source review on OSS targets', NULL, 'methodology', 'adv', NULL, NULL, 23),
  ('SR24', 'Z14', NULL, 'GitHub commit history mining', 'look for fixed-but-not-disclosed bugs', 'methodology', 'adv', NULL, NULL, 24),
  ('SR25', 'Z14', NULL, 'Variant analysis', 'finding sister bugs to disclosed CVEs', 'methodology', 'res', NULL, NULL, 25),
  ('SR26', 'Z14', NULL, 'Recognizing vulnerable patterns by sight', 'visual triage skill', 'methodology', 'adv', NULL, NULL, 26),
  ('SC01', 'Z15', NULL, 'Dependency confusion — npm', NULL, 'vuln', 'adv', NULL, 'CWE-1357', 1),
  ('SC02', 'Z15', NULL, 'Dependency confusion — PyPI / RubyGems / Maven / NuGet / Gradle', NULL, 'vuln', 'adv', NULL, NULL, 2),
  ('SC03', 'Z15', NULL, 'Typosquatting — strategy & detection', NULL, 'vuln', 'adv', NULL, NULL, 3),
  ('SC04', 'Z15', NULL, 'Compromised package history awareness', 'event-stream, ua-parser-js, etc.', 'vuln', 'std', NULL, NULL, 4),
  ('SC05', 'Z15', NULL, 'Subresource Integrity bypasses', NULL, 'vuln', 'adv', NULL, NULL, 5),
  ('SC06', 'Z15', NULL, 'CDN takeover scenarios', NULL, 'vuln', 'adv', NULL, NULL, 6),
  ('SC07', 'Z15', NULL, 'GitHub Actions — `pull_request_target` abuse', NULL, 'vuln', 'adv', NULL, NULL, 7),
  ('SC08', 'Z15', NULL, 'GitHub Actions — third-party action poisoning', NULL, 'vuln', 'adv', NULL, NULL, 8),
  ('SC09', 'Z15', NULL, 'GitHub Actions — secret exfil via PRs', NULL, 'vuln', 'adv', NULL, NULL, 9),
  ('SC10', 'Z15', NULL, 'GitLab CI runner poisoning', NULL, 'vuln', 'adv', NULL, NULL, 10),
  ('SC11', 'Z15', NULL, 'Jenkins web UI attacks', 'script console, freestyle job creation', 'vuln', 'std', NULL, NULL, 11),
  ('SC12', 'Z15', NULL, 'CircleCI / TravisCI / Buildkite specifics', NULL, 'vuln', 'adv', NULL, NULL, 12),
  ('SC13', 'Z15', NULL, 'Docker registry exposure & image poisoning', NULL, 'vuln', 'adv', NULL, NULL, 13),
  ('SC14', 'Z15', NULL, 'Container image layer leakage', 'secrets in old layers', 'vuln', 'adv', NULL, NULL, 14),
  ('SC15', 'Z15', NULL, 'Pull-request poisoning (test runner privilege)', NULL, 'vuln', 'adv', NULL, NULL, 15),
  ('SC16', 'Z15', NULL, 'Lockfile manipulation (postinstall scripts)', NULL, 'vuln', 'adv', NULL, NULL, 16),
  ('SC17', 'Z15', NULL, 'Compromised maintainer / commit signing review', NULL, 'vuln', 'res', NULL, NULL, 17),
  ('SC18', 'Z15', NULL, 'SBOM and provenance (SLSA)', NULL, 'vuln', 'intro', NULL, NULL, 18),
  ('SC19', 'Z15', NULL, 'Build-time vs runtime supply chain', NULL, 'vuln', 'adv', NULL, NULL, 19),
  ('SC20', 'Z15', NULL, 'Internal CI dashboards — exposure & abuse', NULL, 'vuln', 'std', NULL, NULL, 20),
  ('SC21', 'Z15', NULL, 'Public package registry secret leaks', 'npm tokens in published code', 'vuln', 'std', NULL, NULL, 21),
  ('SC22', 'Z15', NULL, 'GitHub App / Bot account abuse', NULL, 'vuln', 'adv', NULL, NULL, 22),
  ('CL01', 'Z16', NULL, 'IAM role confusion / passrole abuse (AWS)', NULL, 'vuln', 'adv', NULL, NULL, 1),
  ('CL02', 'Z16', NULL, 'S3/GCS/Azure Blob ACL misconfigs — read', NULL, 'vuln', 'std', NULL, NULL, 2),
  ('CL03', 'Z16', NULL, 'S3/GCS/Azure Blob ACL misconfigs — write', NULL, 'vuln', 'adv', NULL, NULL, 3),
  ('CL04', 'Z16', NULL, 'Lambda / Cloud Functions exploitation surface', NULL, 'vuln', 'adv', NULL, NULL, 4),
  ('CL05', 'Z16', NULL, 'API Gateway misconfigurations', NULL, 'vuln', 'adv', NULL, NULL, 5),
  ('CL06', 'Z16', NULL, 'Cognito flaws', 'self-signup abuse, attribute mass-assignment', 'vuln', 'adv', NULL, NULL, 6),
  ('CL07', 'Z16', NULL, 'Firebase Auth flaws', 'public databases, weak rules', 'vuln', 'adv', NULL, NULL, 7),
  ('CL08', 'Z16', NULL, 'Cloudflare Workers / Vercel Edge / Deno Deploy specifics', NULL, 'vuln', 'adv', NULL, NULL, 8),
  ('CL09', 'Z16', NULL, 'Serverless cold-start / shared-resource issues', NULL, 'vuln', 'res', NULL, NULL, 9),
  ('CL10', 'Z16', NULL, 'ECS / EKS / Fargate web exposures', NULL, 'vuln', 'adv', NULL, NULL, 10),
  ('CL11', 'Z16', NULL, 'Cloud metadata abuse', 'cross-link S03', 'vuln', 'adv', NULL, NULL, 11),
  ('CL12', 'Z16', NULL, 'STS / temporary credential leakage', NULL, 'vuln', 'adv', NULL, NULL, 12),
  ('CL13', 'Z16', NULL, 'Public CloudFront / Azure CDN distributions misrouted', NULL, 'vuln', 'adv', NULL, NULL, 13),
  ('CL14', 'Z16', NULL, 'Cloud-native auth proxies', 'AWS Cognito-hosted UI, Azure AD B2C', 'vuln', 'adv', NULL, NULL, 14),
  ('CL15', 'Z16', NULL, 'Service-to-service auth (IAM SigV4) attack surface', NULL, 'vuln', 'adv', NULL, NULL, 15),
  ('CL16', 'Z16', NULL, 'Container escape from web context', 'light awareness, bridges to red team', 'vuln', 'res', NULL, NULL, 16),
  ('CL17', 'Z16', NULL, 'K8s Ingress / service mesh routing flaws', 'Istio, Linkerd', 'vuln', 'adv', NULL, NULL, 17),
  ('CL18', 'Z16', NULL, 'Cloud secret stores leakage via app errors', 'AWS SM, GCP SM, Azure KV', 'vuln', 'adv', NULL, NULL, 18),
  ('CL19', 'Z16', NULL, 'SaaS integration tokens hunting', 'Slack, GitHub, Salesforce', 'vuln', 'std', NULL, NULL, 19),
  ('CL20', 'Z16', NULL, 'AWS pre-signed URL abuse', NULL, 'vuln', 'std', NULL, NULL, 20),
  ('CL21', 'Z16', NULL, 'GCP signed URL / blob SAS token abuse', NULL, 'vuln', 'std', NULL, NULL, 21),
  ('CL22', 'Z16', NULL, 'Cloud-init / instance metadata response manipulation', NULL, 'vuln', 'res', NULL, NULL, 22),
  ('CL23', 'Z16', NULL, 'Public cloud functions / endpoints discovery', 'Function URLs', 'vuln', 'std', NULL, NULL, 23),
  ('CL24', 'Z16', NULL, 'IAM policy weakness analysis', 'overly permissive `*` actions', 'vuln', 'adv', NULL, NULL, 24),
  ('WB01', 'Z17', NULL, 'Origin discovery — certificate transparency', NULL, 'vuln', 'std', NULL, NULL, 1),
  ('WB02', 'Z17', NULL, 'Origin discovery — historical DNS', NULL, 'vuln', 'std', NULL, NULL, 2),
  ('WB03', 'Z17', NULL, 'Origin discovery — misconfigured mail/MX leaks', NULL, 'vuln', 'adv', NULL, NULL, 3),
  ('WB04', 'Z17', NULL, 'Origin discovery — third-party services revealing origin', NULL, 'vuln', 'adv', NULL, NULL, 4),
  ('WB05', 'Z17', NULL, 'Direct origin attack (when origin IP leaked)', NULL, 'vuln', 'std', NULL, NULL, 5),
  ('WB06', 'Z17', NULL, 'Cloudflare-specific bypass classes', NULL, 'vuln', 'adv', NULL, NULL, 6),
  ('WB07', 'Z17', NULL, 'Akamai-specific bypass classes', NULL, 'vuln', 'adv', NULL, NULL, 7),
  ('WB08', 'Z17', NULL, 'AWS WAF rule pattern weaknesses', NULL, 'vuln', 'adv', NULL, NULL, 8),
  ('WB09', 'Z17', NULL, 'Imperva / Incapsula', NULL, 'vuln', 'adv', NULL, NULL, 9),
  ('WB10', 'Z17', NULL, 'Modern WAF bypass — encoding chains', NULL, 'vuln', 'adv', NULL, NULL, 10),
  ('WB11', 'Z17', NULL, 'Modern WAF bypass — parser confusion', NULL, 'vuln', 'res', NULL, NULL, 11),
  ('WB12', 'Z17', NULL, 'Modern WAF bypass — payload fragmentation', NULL, 'vuln', 'adv', NULL, NULL, 12),
  ('WB13', 'Z17', NULL, 'Header-based WAF bypass', '`X-Forwarded-For`, `X-Original-URL`', 'vuln', 'adv', NULL, NULL, 13),
  ('WB14', 'Z17', NULL, 'HTTP parameter pollution against WAFs', NULL, 'vuln', 'adv', NULL, NULL, 14),
  ('WB15', 'Z17', NULL, 'Smuggling-aware WAF parser differential', NULL, 'vuln', 'res', NULL, NULL, 15),
  ('WB16', 'Z17', NULL, 'Encoding chain bypasses', 'unicode normalization, overlong UTF-8', 'vuln', 'adv', NULL, NULL, 16),
  ('WB17', 'Z17', NULL, 'Time-based WAF behavior', 'bypass during deploy/maintenance windows', 'vuln', 'res', NULL, NULL, 17),
  ('WB18', 'Z17', NULL, 'ML/AI-based WAF abuse', 'adversarial inputs, prompt-style on classifiers', 'vuln', 'res', NULL, NULL, 18),
  ('WB19', 'Z17', NULL, 'Bot-detection bypass — TLS fingerprint (JA3/JA4)', NULL, 'vuln', 'adv', NULL, NULL, 19),
  ('WB20', 'Z17', NULL, 'Bot-detection bypass — browser fingerprint spoofing', NULL, 'vuln', 'adv', NULL, NULL, 20),
  ('WB21', 'Z17', NULL, 'Bot-detection bypass — captcha solver chains', NULL, 'vuln', 'adv', NULL, NULL, 21),
  ('WB22', 'Z17', NULL, 'CDN cache rule abuse', 'cache control bypassing origin checks', 'vuln', 'adv', NULL, NULL, 22),
  ('FF01', 'Z18', NULL, 'React — `dangerouslySetInnerHTML`', NULL, 'vuln', 'std', NULL, NULL, 1),
  ('FF02', 'Z18', NULL, 'React — ref injection', NULL, 'vuln', 'adv', NULL, NULL, 2),
  ('FF03', 'Z18', NULL, 'React — hydration mismatches enabling XSS', NULL, 'vuln', 'adv', NULL, NULL, 3),
  ('FF04', 'Z18', NULL, 'React — server component (RSC) attack surface', NULL, 'vuln', 'res', NULL, NULL, 4),
  ('FF05', 'Z18', NULL, 'Vue — `v-html`', NULL, 'vuln', 'std', NULL, NULL, 5),
  ('FF06', 'Z18', NULL, 'Vue — template compilation injection', NULL, 'vuln', 'adv', NULL, NULL, 6),
  ('FF08', 'Z18', NULL, 'Angular — template injection (server-rendered)', NULL, 'vuln', 'adv', NULL, NULL, 7),
  ('FF09', 'Z18', NULL, 'Next.js — SSR-related leaks', NULL, 'vuln', 'adv', NULL, NULL, 8),
  ('FF10', 'Z18', NULL, 'Next.js — API routes leakage', NULL, 'vuln', 'std', NULL, NULL, 9),
  ('FF11', 'Z18', NULL, 'Next.js — ISR cache poisoning', NULL, 'vuln', 'res', NULL, NULL, 10),
  ('FF12', 'Z18', NULL, 'Next.js — middleware bypass', NULL, 'vuln', 'adv', NULL, NULL, 11),
  ('FF13', 'Z18', NULL, 'Remix / SvelteKit / Nuxt specifics', NULL, 'vuln', 'adv', NULL, NULL, 12),
  ('FF14', 'Z18', NULL, 'htmx — HTML over the wire trust issues', NULL, 'vuln', 'adv', NULL, NULL, 13),
  ('FF15', 'Z18', NULL, 'Alpine.js / Stimulus inline-JS framework risks', NULL, 'vuln', 'adv', NULL, NULL, 14),
  ('FF16', 'Z18', NULL, 'jQuery legacy — selector injection', NULL, 'vuln', 'std', NULL, NULL, 15);

INSERT OR IGNORE INTO node (id, zone_id, parent_id, name, gloss, kind, depth, owasp_tag, cwe_id, sort_order) VALUES
  ('FF17', 'Z18', NULL, 'jQuery legacy — prototype pollution gadgets', NULL, 'vuln', 'adv', NULL, NULL, 16),
  ('FF18', 'Z18', NULL, 'SPA routing flaws', 'client-side route guards, deep-link injection', 'vuln', 'adv', NULL, NULL, 17),
  ('FF19', 'Z18', NULL, 'Build-tool leaks', 'webpack chunk paths, source map exposure', 'vuln', 'std', NULL, NULL, 18),
  ('FF20', 'Z18', NULL, 'Edge runtime constraint bypasses', 'Cloudflare Workers, Vercel Edge', 'vuln', 'res', NULL, NULL, 19),
  ('FF21', 'Z18', NULL, 'React Router / TanStack Router specifics', NULL, 'vuln', 'adv', NULL, NULL, 20),
  ('FF22', 'Z18', NULL, 'State-management library data leaks', 'Redux DevTools-exposed state in prod', 'vuln', 'adv', NULL, NULL, 21),
  ('MB01', 'Z19', NULL, 'Service Workers — install / persist / abuse', NULL, 'vuln', 'adv', NULL, NULL, 1),
  ('MB02', 'Z19', NULL, 'Service Workers — cache poisoning', NULL, 'vuln', 'adv', NULL, NULL, 2),
  ('MB03', 'Z19', NULL, 'COOP / COEP / CORP', 'what they enforce, gaps', 'vuln', 'adv', NULL, NULL, 3),
  ('MB04', 'Z19', NULL, 'Storage Partitioning impacts', NULL, 'vuln', 'adv', NULL, NULL, 4),
  ('MB05', 'Z19', NULL, 'Trusted Types — bypass research', NULL, 'vuln', 'res', NULL, NULL, 5),
  ('MB06', 'Z19', NULL, 'Site Isolation behavior', NULL, 'vuln', 'adv', NULL, NULL, 6),
  ('MB07', 'Z19', NULL, 'Push notifications abuse', NULL, 'vuln', 'adv', NULL, NULL, 7),
  ('MB08', 'Z19', NULL, 'Web Push hijacking', NULL, 'vuln', 'adv', NULL, NULL, 8),
  ('MB09', 'Z19', NULL, 'WebRTC — STUN / signaling abuse', NULL, 'vuln', 'adv', NULL, NULL, 9),
  ('MB10', 'Z19', NULL, 'WebRTC — local IP leak', NULL, 'vuln', 'std', NULL, NULL, 10),
  ('MB11', 'Z19', NULL, 'WebTransport', NULL, 'vuln', 'res', NULL, NULL, 11),
  ('MB12', 'Z19', NULL, 'WebAssembly attack surface', 'XSS-via-Wasm, side channels', 'vuln', 'res', NULL, NULL, 12),
  ('MB13', 'Z19', NULL, 'Browser sandbox escape awareness', 'Tier 4 territory, awareness only', 'vuln', 'res', NULL, NULL, 13),
  ('MB14', 'Z19', NULL, 'Built-in PDF viewer / similar plugin attack surface', NULL, 'vuln', 'adv', NULL, NULL, 14),
  ('MB15', 'Z19', NULL, 'File System Access API abuse', NULL, 'vuln', 'adv', NULL, NULL, 15),
  ('MB16', 'Z19', NULL, 'Clipboard API abuse', NULL, 'vuln', 'adv', NULL, NULL, 16),
  ('MB17', 'Z19', NULL, 'Origin-Agent-Cluster / process model', NULL, 'vuln', 'res', NULL, NULL, 17),
  ('MB18', 'Z19', NULL, 'Bfcache (back-forward cache) attack surface', NULL, 'vuln', 'res', NULL, NULL, 18),
  ('MB19', 'Z19', NULL, 'Third-party cookie deprecation impacts', 'auth changes, CHIPS', 'vuln', 'adv', NULL, NULL, 19),
  ('MB20', 'Z19', NULL, 'Spectre-class side channels', 'awareness, mitigation interplay', 'vuln', 'res', NULL, NULL, 20),
  ('MB21', 'Z19', NULL, 'Browser extension attack surface', 'content scripts, web_accessible_resources', 'vuln', 'adv', NULL, NULL, 21),
  ('AI01', 'Z20', NULL, 'Direct prompt injection', NULL, 'vuln', 'std', 'LLM01', NULL, 1),
  ('AI02', 'Z20', NULL, 'Indirect prompt injection', 'poisoned docs, web pages, RAG corpus', 'vuln', 'adv', NULL, NULL, 2),
  ('AI03', 'Z20', NULL, 'Tool / function-call hijacking in agents', NULL, 'vuln', 'adv', NULL, NULL, 3),
  ('AI04', 'Z20', NULL, 'Memory-store poisoning', 'long-term agent memory abuse', 'vuln', 'adv', NULL, NULL, 4),
  ('AI05', 'Z20', NULL, 'RAG corpus poisoning', NULL, 'vuln', 'adv', NULL, NULL, 5),
  ('AI06', 'Z20', NULL, 'Output-parsing exploit chains', 'model output → backend SQL/code', 'vuln', 'adv', NULL, NULL, 6),
  ('AI07', 'Z20', NULL, 'Model jailbreak → policy bypass', NULL, 'vuln', 'std', NULL, NULL, 7),
  ('AI08', 'Z20', NULL, 'Insecure tool wiring', 'LLM with file/system access', 'vuln', 'adv', NULL, NULL, 8),
  ('AI09', 'Z20', NULL, 'Prompt leakage / system prompt extraction', NULL, 'vuln', 'std', NULL, NULL, 9),
  ('AI10', 'Z20', NULL, 'Cost / quota DoS via expensive prompts', NULL, 'vuln', 'std', NULL, NULL, 10),
  ('AI11', 'Z20', NULL, 'Image / multimodal prompt injection', NULL, 'vuln', 'adv', NULL, NULL, 11),
  ('AI12', 'Z20', NULL, 'Inversion attacks on retrieval', 'extracting embedded data', 'vuln', 'res', NULL, NULL, 12),
  ('AI13', 'Z20', NULL, 'LLM-driven SSRF', 'model fetches attacker URL', 'vuln', 'adv', NULL, NULL, 13),
  ('AI14', 'Z20', NULL, 'Plugin / extension ecosystem abuse', 'ChatGPT plugins, Claude tools, MCP', 'vuln', 'adv', NULL, NULL, 14),
  ('AI15', 'Z20', NULL, 'Auth/authz on agent-issued requests', NULL, 'vuln', 'adv', NULL, NULL, 15),
  ('AI16', 'Z20', NULL, 'Audit-log evasion via natural-language paraphrase', NULL, 'vuln', 'res', NULL, NULL, 16),
  ('AI17', 'Z20', NULL, 'Training-data exfiltration via prompt', NULL, 'vuln', 'res', NULL, NULL, 17),
  ('AI18', 'Z20', NULL, 'Cross-user prompt confusion', 'shared agent state', 'vuln', 'adv', NULL, NULL, 18),
  ('AI19', 'Z20', NULL, 'Embeddings store ACL flaws', NULL, 'vuln', 'adv', NULL, NULL, 19),
  ('AI20', 'Z20', NULL, 'Agent-on-agent attack chains', NULL, 'vuln', 'res', NULL, NULL, 20),
  ('DEF01', 'Z21', NULL, 'WAF internals — rule engines, normalization', NULL, 'defense', 'adv', NULL, NULL, 1),
  ('DEF02', 'Z21', NULL, 'RASP (runtime application self-protection)', NULL, 'defense', 'adv', NULL, NULL, 2),
  ('DEF03', 'Z21', NULL, 'CSP — full spec edge cases', NULL, 'defense', 'adv', NULL, NULL, 3),
  ('DEF04', 'Z21', NULL, 'HSTS — preload, includeSubDomains', NULL, 'defense', 'std', NULL, NULL, 4),
  ('DEF05', 'Z21', NULL, 'SameSite cookies — per-browser quirks', NULL, 'defense', 'std', NULL, NULL, 5),
  ('DEF06', 'Z21', NULL, 'Subresource Integrity — coverage gaps', NULL, 'defense', 'adv', NULL, NULL, 6),
  ('DEF07', 'Z21', NULL, 'Trusted Types — what they enforce', NULL, 'defense', 'adv', NULL, NULL, 7),
  ('DEF08', 'Z21', NULL, 'Cookie prefixes (`__Host-` / `__Secure-`)', NULL, 'defense', 'std', NULL, NULL, 8),
  ('DEF09', 'Z21', NULL, 'OAuth security best practices (BCP)', NULL, 'defense', 'std', NULL, NULL, 9),
  ('DEF10', 'Z21', NULL, 'OWASP ASVS', 'used as a checklist', 'defense', 'intro', NULL, NULL, 10),
  ('DEF11', 'Z21', NULL, 'NIST 800-63B password / auth guidance', NULL, 'defense', 'intro', NULL, NULL, 11),
  ('DEF12', 'Z21', NULL, 'mTLS proper deployment', NULL, 'defense', 'adv', NULL, NULL, 12),
  ('DEF13', 'Z21', NULL, 'Cloudflare / Akamai / AWS WAF default templates', NULL, 'defense', 'adv', NULL, NULL, 13),
  ('DEF14', 'Z21', NULL, 'Bot detection — Akamai BMP, hCaptcha, reCAPTCHA, PerimeterX', NULL, 'defense', 'adv', NULL, NULL, 14),
  ('DEF15', 'Z21', NULL, 'Anti-bot fingerprinting — TLS (JA3/JA4), browser fingerprint', NULL, 'defense', 'adv', NULL, NULL, 15),
  ('DEF16', 'Z21', NULL, 'Static analysis tools — defender''s view', 'Semgrep, CodeQL', 'defense', 'std', NULL, NULL, 16),
  ('DEF17', 'Z21', NULL, 'Trusted Types + CSP interplay', NULL, 'defense', 'adv', NULL, NULL, 17),
  ('DEF18', 'Z21', NULL, 'Site Isolation, COOP/COEP/CORP', NULL, 'defense', 'adv', NULL, NULL, 18),
  ('DEF19', 'Z21', NULL, 'Security headers — full list', 'XFO, CSP frame-ancestors, X-Content-Type-Options, Referrer-Policy, Permissions-Policy', 'defense', 'std', NULL, NULL, 19),
  ('DEF20', 'Z21', NULL, 'Auth platforms — Auth0, Clerk, Supabase Auth, Cognito', 'common deployment errors', 'defense', 'adv', NULL, NULL, 20),
  ('DEF21', 'Z21', NULL, 'Modern session frameworks — NextAuth/Auth.js, Lucia', NULL, 'defense', 'adv', NULL, NULL, 21),
  ('DEF22', 'Z21', NULL, 'EDR/XDR awareness on web servers', 'bridges to red team', 'defense', 'intro', NULL, NULL, 22),
  ('M01', 'Z22', NULL, 'Recon methodology / personal playbook', NULL, 'methodology', 'std', NULL, NULL, 1),
  ('M02', 'Z22', NULL, 'Threat modeling basics — STRIDE-lite', NULL, 'methodology', 'std', NULL, NULL, 2),
  ('M03', 'Z22', NULL, 'Note-taking discipline', 'per-target structure, evidence storage', 'methodology', 'std', NULL, NULL, 3),
  ('M04', 'Z22', NULL, 'Screenshot / PoC capture workflow', NULL, 'methodology', 'std', NULL, NULL, 4),
  ('M05', 'Z22', NULL, 'Reporting writing', 'exec summary, finding structure, repro, recommendations', 'methodology', 'std', NULL, NULL, 5),
  ('M06', 'Z22', NULL, 'CVSS 3.1 scoring', NULL, 'methodology', 'std', NULL, NULL, 6),
  ('M07', 'Z22', NULL, 'CVSS v4 scoring', NULL, 'methodology', 'std', NULL, NULL, 7),
  ('M08', 'Z22', NULL, 'Disclosure & client communication', NULL, 'methodology', 'std', NULL, NULL, 8),
  ('M09', 'Z22', NULL, 'Re-testing methodology', NULL, 'methodology', 'std', NULL, NULL, 9),
  ('M10', 'Z22', NULL, 'Scope reading & triage', NULL, 'methodology', 'std', NULL, NULL, 10),
  ('M11', 'Z22', NULL, 'OPSEC basics', 'clean history, separated identities, VPS hygiene', 'methodology', 'std', NULL, NULL, 11),
  ('M12', 'Z22', NULL, 'Public writeups & portfolio', NULL, 'methodology', 'std', NULL, NULL, 12),
  ('M13', 'Z22', NULL, 'Bug bounty program selection / time mgmt', NULL, 'methodology', 'std', NULL, NULL, 13),
  ('M14', 'Z22', NULL, 'Wide-scope vs narrow-scope strategy', NULL, 'methodology', 'adv', NULL, NULL, 14),
  ('M15', 'Z22', NULL, 'Account-takeover playbook', 'chained primitives template', 'methodology', 'adv', NULL, NULL, 15),
  ('M16', 'Z22', NULL, 'Race-condition-hunt playbook', NULL, 'methodology', 'adv', NULL, NULL, 16),
  ('M17', 'Z22', NULL, 'GraphQL-specific methodology', NULL, 'methodology', 'adv', NULL, NULL, 17),
  ('M18', 'Z22', NULL, 'SaaS multi-tenant methodology', NULL, 'methodology', 'adv', NULL, NULL, 18),
  ('M19', 'Z22', NULL, 'Burnout / pace management for hunters', NULL, 'methodology', 'std', NULL, NULL, 19),
  ('M20', 'Z22', NULL, 'Collaboration with other hunters / shared lead workflow', NULL, 'methodology', 'adv', NULL, NULL, 20),
  ('M21', 'Z22', NULL, 'Reading other hunters'' writeups productively', NULL, 'methodology', 'std', NULL, NULL, 21),
  ('M22', 'Z22', NULL, 'CVE submission / coordinated disclosure process', NULL, 'methodology', 'adv', NULL, NULL, 22),
  ('M23', 'Z22', NULL, 'Working with internal blue teams (consulting)', NULL, 'methodology', 'adv', NULL, NULL, 23),
  ('M24', 'Z22', NULL, 'Triage workflow when first dropping into a target', 'first-hour playbook', 'methodology', 'std', NULL, NULL, 24),
  ('M25', 'Z22', NULL, 'Knowing when to stop on a target', NULL, 'methodology', 'adv', NULL, NULL, 25),
  ('M26', 'Z22', NULL, 'Tool-building cadence', 'when to write a custom tool vs using one', 'methodology', 'std', NULL, NULL, 26),
  ('CAP01', 'Z23', NULL, 'BSCP — PortSwigger Burp Suite Certified Practitioner', 'most aligned with web mastery', 'capstone', 'std', NULL, NULL, 1),
  ('CAP02', 'Z23', NULL, 'OSWE — Offensive Security Web Expert', 'source-code-driven, advanced', 'capstone', 'std', NULL, NULL, 2),
  ('CAP03', 'Z23', NULL, 'eJPT — INE Junior Penetration Tester', 'entry-level', 'capstone', 'std', NULL, NULL, 3),
  ('CAP04', 'Z23', NULL, 'eWPT / eWPTX — INE Web Application Penetration Tester (X = expert)', NULL, 'capstone', 'std', NULL, NULL, 4),
  ('CAP05', 'Z23', NULL, 'First valid bug bounty submission accepted', NULL, 'capstone', 'std', NULL, NULL, 5);

INSERT OR IGNORE INTO node (id, zone_id, parent_id, name, gloss, kind, depth, owasp_tag, cwe_id, sort_order) VALUES
  ('CAP06', 'Z23', NULL, 'First high / critical bug bounty submission', NULL, 'capstone', 'std', NULL, NULL, 6),
  ('CAP07', 'Z23', NULL, 'First public CVE', NULL, 'capstone', 'std', NULL, NULL, 7),
  ('CAP08', 'Z23', NULL, 'First $1k+ bounty payout', NULL, 'capstone', 'std', NULL, NULL, 8),
  ('CAP09', 'Z23', NULL, 'First leaderboard placement on a CTF (web track)', NULL, 'capstone', 'std', NULL, NULL, 9),
  ('CAP10', 'Z23', NULL, 'Public talk / writeup with traction', NULL, 'capstone', 'std', NULL, NULL, 10),
  ('CAP11', 'Z23', NULL, 'Tool published with stars / real usage', NULL, 'capstone', 'std', NULL, NULL, 11),
  ('CAP12', 'Z23', NULL, 'BSCP + OSWE combo', NULL, 'capstone', 'std', NULL, NULL, 12),
  ('CAP13', 'Z23', NULL, 'Live hacking event invite (HackerOne, Bugcrowd, Intigriti)', NULL, 'capstone', 'std', NULL, NULL, 13),
  ('CAP14', 'Z23', NULL, 'Top-100 / MVH placement on a major program', NULL, 'capstone', 'std', NULL, NULL, 14),
  ('CAP15', 'Z23', NULL, 'New-class research with named impact', 'published technique blog post', 'capstone', 'std', NULL, NULL, 15),
  ('CAP16', 'Z23', NULL, 'Personal portfolio repo with writeups', NULL, 'capstone', 'std', NULL, NULL, 16),
  ('CAP17', 'Z23', NULL, 'First contracted pentest engagement (paid)', NULL, 'capstone', 'std', NULL, NULL, 17),
  ('CAP18', 'Z23', NULL, 'Mentor someone else through Z01-Z05', 'teaching as mastery proof', 'capstone', 'std', NULL, NULL, 18);
