-- ==========================================================================
-- Nullpath — Web Pentesting region seed
-- Auto-generated from plans/web-pentesting.md by scripts/build-seed.mjs.
-- Do not edit by hand. Re-run `npm run seed:build` after editing the plan.
--
-- IMPORTANT: no BEGIN/COMMIT here — sqlx wraps each migration in its own
-- transaction, and a nested BEGIN errors silently in the SQL plugin.
-- ==========================================================================

-- Regions
INSERT OR IGNORE INTO region (id, name, tagline, color_accent, sort_order, is_locked) VALUES
  ('web',           'Web Pentesting',          'OWASP, APIs, source review, supply chain, AI-backed apps', '#22d3ee', 1, 0),
  ('red-team',      'Red Teaming',             'Internal pentest, AD, C2, OPSEC',                            '#e879f9', 2, 1),
  ('vuln-research', 'Vuln Research / Exploit', 'RE, fuzzing, memory corruption, browser/kernel internals', '#fb7185', 3, 1);

-- Zones
INSERT OR IGNORE INTO zone (id, region_id, name, sort_order, cx, cy) VALUES
  ('Z01', 'web', 'Foundations Plateau', 1, 0, -720),
  ('Z02', 'web', 'Tooling Arsenal', 2, 0, -480),
  ('Z03', 'web', 'Recon Forge', 3, 450, -480),
  ('Z04', 'web', 'Injection Caves', 4, -700, -220),
  ('Z05', 'web', 'Client-Side Mirror', 5, -500, -220),
  ('Z06', 'web', 'Auth & Identity Spires', 6, -300, -220),
  ('Z07', 'web', 'Access Control Bastion', 7, -100, -220),
  ('Z08', 'web', 'Server-Side Depths', 8, 100, -220),
  ('Z09', 'web', 'HTTP & Cache Layer', 9, 300, -220),
  ('Z10', 'web', 'CSRF Vault', 10, 500, -220),
  ('Z11', 'web', 'API Gateway', 11, -20, 60),
  ('Z12', 'web', 'Misconfig & Disclosure', 12, 700, -220),
  ('Z13', 'web', 'Business Logic Maze', 13, 200, 60),
  ('Z14', 'web', 'Source-Code Review', 14, -680, 60),
  ('Z15', 'web', 'Supply Chain & Build Pipeline', 15, -560, 340),
  ('Z16', 'web', 'Cloud-Native Web', 16, 640, 60),
  ('Z17', 'web', 'WAF/CDN/Edge Bypass', 17, -120, 340),
  ('Z18', 'web', 'Frontend Framework Specifics', 18, -460, 60),
  ('Z19', 'web', 'Modern Browser Surface', 19, -240, 60),
  ('Z20', 'web', 'AI / LLM-Backed Apps', 20, 420, 60),
  ('Z21', 'web', 'Defenses to Understand', 21, 340, 340),
  ('Z22', 'web', 'Methodology Citadel', 22, -450, -480),
  ('Z23', 'web', 'Capstones', 23, 0, 600);

-- Nodes
INSERT OR IGNORE INTO node (id, zone_id, parent_id, name, gloss, kind, depth, owasp_tag, cwe_id, sort_order) VALUES
  ('F01', 'Z01', NULL, 'Networking — TCP/IP & OSI', 'model, layers, encapsulation', 'foundation', 'intro', NULL, NULL, 1),
  ('F02', 'Z01', NULL, 'Common ports & protocols', '80/443/22/21/25/53/3306/3389/445/8080/8443/5432/6379/27017/9200/1433/5985', 'foundation', 'intro', NULL, NULL, 2),
  ('F03', 'Z01', NULL, 'DNS deep dive', 'record types (A/AAAA/CNAME/MX/TXT/NS/SOA/CAA), recursive vs iterative, DNSSEC awareness', 'foundation', 'std', NULL, NULL, 3),
  ('F04', 'Z01', NULL, 'HTTP/1.1 mechanics', 'request/response, methods, status codes, headers', 'foundation', 'std', NULL, NULL, 4),
  ('F05', 'Z01', NULL, 'HTTPS & TLS', 'handshake, ALPN, SNI, certificates, cipher suites, common pitfalls', 'foundation', 'std', NULL, NULL, 5),
  ('F06', 'Z01', NULL, 'HTTP/2', 'frames, multiplexing, HPACK, server push', 'foundation', 'std', NULL, NULL, 6),
  ('F07', 'Z01', NULL, 'HTTP/3 / QUIC', 'UDP-based, 0-RTT, header compression', 'foundation', 'adv', NULL, NULL, 7),
  ('F08', 'Z01', NULL, 'Proxies & NAT', 'forward, reverse, transparent, load balancers', 'foundation', 'intro', NULL, NULL, 8),
  ('F09', 'Z01', NULL, 'Linux CLI', 'fs, perms (rwx, suid/sgid/sticky), processes, services', 'foundation', 'intro', NULL, NULL, 9),
  ('F10', 'Z01', NULL, 'Linux networking', 'ip, ss, netstat, lsof, tcpdump', 'foundation', 'intro', NULL, NULL, 10),
  ('F11', 'Z01', NULL, 'Bash scripting', 'vars, loops, pipes, redirection, oneliners', 'foundation', 'intro', NULL, NULL, 11),
  ('F12', 'Z01', NULL, 'Windows fundamentals', 'fs, services, registry overview', 'foundation', 'intro', NULL, NULL, 12),
  ('F13', 'Z01', NULL, 'PowerShell basics', 'cmdlets, pipelines (deep PS in red team)', 'foundation', 'intro', NULL, NULL, 13),
  ('F14', 'Z01', NULL, 'Web mechanics — request/response', 'anatomy of every interaction', 'foundation', 'intro', NULL, NULL, 14),
  ('F15', 'Z01', NULL, 'Cookies', 'attributes (HttpOnly, Secure, SameSite, Domain, Path), prefixes (`__Host-`, `__Secure-`)', 'foundation', 'std', NULL, NULL, 15),
  ('F16', 'Z01', NULL, 'Sessions', 'server-side state, session IDs, sticky sessions', 'foundation', 'std', NULL, NULL, 16),
  ('F17', 'Z01', NULL, 'CORS & Same-Origin Policy', 'origin definition, preflight, credentials (deep cov in Z05)', 'foundation', 'std', NULL, NULL, 17),
  ('F18', 'Z01', NULL, 'Content Security Policy intro', 'directives overview (deep coverage in Z21)', 'foundation', 'std', NULL, NULL, 18),
  ('F19', 'Z01', NULL, 'Caches in HTTP', 'Cache-Control, ETag, Vary, intermediaries', 'foundation', 'std', NULL, NULL, 19),
  ('F20', 'Z01', NULL, 'MIME & content negotiation', 'Content-Type, Accept, sniffing', 'foundation', 'intro', NULL, NULL, 20),
  ('F21', 'Z01', NULL, 'Redirects', '301/302/303/307/308, behavior differences', 'foundation', 'intro', NULL, NULL, 21),
  ('F22', 'Z01', NULL, 'HTML & DOM structure', 'elements, attributes, semantic markup, forms', 'foundation', 'intro', NULL, NULL, 22),
  ('F23', 'Z01', NULL, 'CSS basics', 'selectors, specificity (CSS injection in Z05)', 'foundation', 'intro', NULL, NULL, 23),
  ('F24', 'Z01', NULL, 'JavaScript language', 'types, scope, closures, prototype chain, ES modules', 'foundation', 'std', NULL, NULL, 24),
  ('F25', 'Z01', NULL, 'JavaScript DOM API', 'selectors, events, mutation, attributes', 'foundation', 'std', NULL, NULL, 25),
  ('F26', 'Z01', NULL, 'JavaScript async', 'Promises, async/await, fetch/XHR, microtasks', 'foundation', 'std', NULL, NULL, 26),
  ('F27', 'Z01', NULL, 'TypeScript awareness', 'read source, understand type annotations', 'foundation', 'intro', NULL, NULL, 27),
  ('F28', 'Z01', NULL, 'JSON', 'syntax, parsing, JSON5/JSONC variants', 'foundation', 'intro', NULL, NULL, 28),
  ('F29', 'Z01', NULL, 'Python scripting', '`requests`, `argparse`, `asyncio`, virtualenvs', 'foundation', 'std', NULL, NULL, 29),
  ('F30', 'Z01', NULL, 'Git', 'clone, branch, commit, push, log, diff, blame, gh CLI', 'foundation', 'std', NULL, NULL, 30),
  ('F31', 'Z01', NULL, 'Docker', 'pull, run, exec, compose, run vulnerable apps in containers', 'foundation', 'std', NULL, NULL, 31),
  ('F32', 'Z01', NULL, 'Regex', 'anchors, classes, groups, lookarounds, ReDoS awareness', 'foundation', 'std', NULL, NULL, 32),
  ('F33', 'Z01', NULL, 'Encodings', 'URL, base64, base64url, HTML entities, Unicode/UTF-8, hex, double encoding', 'foundation', 'std', NULL, NULL, 33),
  ('F34', 'Z01', NULL, 'Cryptography fundamentals', 'symmetric, asymmetric, hashing, HMAC, signing, padding, common pitfalls', 'foundation', 'std', NULL, NULL, 34),
  ('F35', 'Z01', NULL, 'SQL fundamentals', 'SELECT, JOIN, UNION, subqueries, schema introspection', 'foundation', 'std', NULL, NULL, 35),
  ('F36', 'Z01', NULL, 'SQL DBMS divergences', 'MySQL vs PostgreSQL vs MSSQL vs Oracle vs SQLite syntax & functions', 'foundation', 'std', NULL, NULL, 36),
  ('F37', 'Z01', NULL, 'NoSQL fundamentals', 'Mongo, Redis, Cassandra basics', 'foundation', 'std', NULL, NULL, 37),
  ('F38', 'Z01', NULL, 'Browser internals overview', 'rendering pipeline, JS engines, sandbox, multi-process model', 'foundation', 'adv', NULL, NULL, 38),
  ('F39', 'Z01', NULL, 'TLS deep dive', 'handshake variants, downgrade attacks, cert pinning', 'foundation', 'adv', NULL, NULL, 39),
  ('F40', 'Z01', NULL, 'Threat modeling basics', 'STRIDE-lite, attack surface mapping', 'foundation', 'std', NULL, NULL, 40),
  ('F41', 'Z01', NULL, 'PortSwigger Essential skills — obfuscating attacks using encodings', 'encoding chains for filter evasion', 'foundation', 'std', NULL, NULL, 41),
  ('F42', 'Z01', NULL, 'PortSwigger Essential skills — using Burp Scanner during manual testing', 'when to lean on Scanner vs manual', 'foundation', 'std', NULL, NULL, 42),
  ('F43', 'Z01', NULL, 'PortSwigger Essential skills — identifying unknown vulnerabilities', 'anomaly-driven hunting', 'foundation', 'adv', NULL, NULL, 43),
  ('T01', 'Z02', NULL, 'Burp Suite — Proxy', 'intercept, scope, match-and-replace', 'tool', 'std', NULL, NULL, 1),
  ('T02', 'Z02', NULL, 'Burp Suite — Repeater', 'manual request iteration', 'tool', 'std', NULL, NULL, 2),
  ('T03', 'Z02', NULL, 'Burp Suite — Intruder', 'sniper, battering ram, pitchfork, cluster bomb', 'tool', 'std', NULL, NULL, 3),
  ('T04', 'Z02', NULL, 'Burp Suite — Decoder', 'encoding/decoding helpers', 'tool', 'std', NULL, NULL, 4),
  ('T05', 'Z02', NULL, 'Burp Suite — Comparer', 'diff responses', 'tool', 'std', NULL, NULL, 5),
  ('T06', 'Z02', NULL, 'Burp Suite — Sequencer', 'token randomness analysis', 'tool', 'adv', NULL, NULL, 6),
  ('T07', 'Z02', NULL, 'Burp Suite — Collaborator (OAST)', 'out-of-band callbacks (Pro feature)', 'tool', 'std', NULL, NULL, 7),
  ('T08', 'Z02', NULL, 'Burp Suite — Extender / BApps', 'install community extensions', 'tool', 'std', NULL, NULL, 8),
  ('T09', 'Z02', NULL, 'Burp Suite — Macros & Session Handling Rules', 'auto-relogin, CSRF token chaining', 'tool', 'adv', NULL, NULL, 9),
  ('T10', 'Z02', NULL, 'Burp Suite — Custom extensions (Montoya API)', 'Java/Python/Kotlin', 'tool', 'adv', NULL, NULL, 10),
  ('T11', 'Z02', NULL, 'Key BApps to master', 'Logger++, Param Miner, Active Scan++, Autorize, JWT Editor, Hackvertor, Backslash Powered Scanner, Turbo Intruder, DOM Invader, http-request-smuggler, Socket Sleuth, InQL', 'tool', 'std', NULL, NULL, 11),
  ('T12', 'Z02', NULL, 'Burp Scanner — active + passive', 'when to lean on it during manual testing', 'tool', 'std', NULL, NULL, 12),
  ('T13', 'Z02', NULL, 'ZAP', 'Burp alternative, OSS', 'tool', 'intro', NULL, NULL, 13),
  ('T14', 'Z02', NULL, 'Caido', 'modern Burp alternative', 'tool', 'intro', NULL, NULL, 14),
  ('T15', 'Z02', NULL, 'Browser DevTools — Network panel', 'request inspection, copy as curl/fetch', 'tool', 'std', NULL, NULL, 15),
  ('T16', 'Z02', NULL, 'Browser DevTools — Sources/Debugger', 'breakpoints, scope inspection', 'tool', 'std', NULL, NULL, 16),
  ('T17', 'Z02', NULL, 'Browser DevTools — Application/Storage', 'cookies, localStorage, sessionStorage, IndexedDB', 'tool', 'std', NULL, NULL, 17),
  ('T18', 'Z02', NULL, 'Browser DevTools — Console', 'DOM manipulation, runtime evaluation', 'tool', 'std', NULL, NULL, 18),
  ('T19', 'Z02', NULL, 'nmap + NSE', 'TCP/SYN/UDP scans, service detect, scripts', 'tool', 'std', NULL, NULL, 19),
  ('T20', 'Z02', NULL, 'masscan', 'internet-scale port scanning', 'tool', 'std', NULL, NULL, 20),
  ('T21', 'Z02', NULL, 'naabu', 'modern port scanner', 'tool', 'std', NULL, NULL, 21),
  ('T22', 'Z02', NULL, 'ffuf', 'directory & parameter brute-force', 'tool', 'std', NULL, NULL, 22),
  ('T23', 'Z02', NULL, 'wfuzz / gobuster / feroxbuster / dirsearch', 'alternatives, recursion strategies', 'tool', 'std', NULL, NULL, 23),
  ('T24', 'Z02', NULL, 'katana', 'modern crawler', 'tool', 'std', NULL, NULL, 24),
  ('T25', 'Z02', NULL, 'Subdomain enum — amass', 'multi-source subdomain discovery', 'tool', 'std', NULL, NULL, 25),
  ('T26', 'Z02', NULL, 'Subdomain enum — subfinder', 'fast passive', 'tool', 'std', NULL, NULL, 26),
  ('T27', 'Z02', NULL, 'Subdomain enum — assetfinder, sublist3r, chaos', 'alternatives', 'tool', 'std', NULL, NULL, 27),
  ('T28', 'Z02', NULL, 'Live host probing — httpx, httprobe', 'alive checks', 'tool', 'std', NULL, NULL, 28),
  ('T29', 'Z02', NULL, 'Screenshot triage — gowitness, aquatone, eyewitness', 'visual recon', 'tool', 'std', NULL, NULL, 29),
  ('T30', 'Z02', NULL, 'Nuclei', 'template-driven vuln scanning', 'tool', 'std', NULL, NULL, 30),
  ('T31', 'Z02', NULL, 'Nikto / Wapiti', 'legacy scanners', 'tool', 'intro', NULL, NULL, 31),
  ('T32', 'Z02', NULL, 'sqlmap & ghauri', 'automated SQLi (after manual SQLi mastery)', 'tool', 'std', NULL, NULL, 32),
  ('T33', 'Z02', NULL, 'NoSQLMap', 'automated NoSQL injection', 'tool', 'std', NULL, NULL, 33),
  ('T34', 'Z02', NULL, 'whatweb / wappalyzer / favfreak', 'tech fingerprinting', 'tool', 'std', NULL, NULL, 34),
  ('T35', 'Z02', NULL, 'curl & wget mastery', 'manual HTTP from terminal', 'tool', 'std', NULL, NULL, 35),
  ('T36', 'Z02', NULL, 'jwt_tool, jwt.io, jwtcrack', 'JWT analysis & attacks', 'tool', 'std', NULL, NULL, 36),
  ('T37', 'Z02', NULL, 'ysoserial / ysoserial.net / marshalsec / phpggc', 'deserialization gadget chains', 'tool', 'adv', NULL, NULL, 37),
  ('T38', 'Z02', NULL, 'hashcat / John the Ripper', 'offline password / JWT HMAC cracking', 'tool', 'std', NULL, NULL, 38),
  ('T39', 'Z02', NULL, 'hydra / medusa', 'online login brute-forcing', 'tool', 'std', NULL, NULL, 39),
  ('T40', 'Z02', NULL, 'Search engines — Shodan, Censys, FOFA, Hunter.how', 'internet asset discovery', 'tool', 'std', NULL, NULL, 40),
  ('T41', 'Z02', NULL, 'Google dorks', 'advanced search operators', 'tool', 'std', NULL, NULL, 41),
  ('T42', 'Z02', NULL, 'GitHub dorking — gitrob, trufflehog, gitleaks, noseyparker', 'secret hunting', 'tool', 'std', NULL, NULL, 42),
  ('T43', 'Z02', NULL, 'crt.sh / cert transparency', 'passive subdomain via certs', 'tool', 'std', NULL, NULL, 43),
  ('T44', 'Z02', NULL, 'Wayback — waybackurls, gau, hakrawler', 'historical URL extraction', 'tool', 'std', NULL, NULL, 44),
  ('T45', 'Z02', NULL, 'LinkFinder / SecretFinder / JSluice / getJS', 'JS endpoint & secret extraction', 'tool', 'std', NULL, NULL, 45),
  ('T46', 'Z02', NULL, 'arjun / paramspider / x8 / Param Miner', 'parameter discovery', 'tool', 'std', NULL, NULL, 46),
  ('T47', 'Z02', NULL, 'XSStrike / Dalfox / kxss / qsreplace', 'XSS triage helpers', 'tool', 'std', NULL, NULL, 47),
  ('T48', 'Z02', NULL, 'crlfuzz', 'CRLF injection scanner', 'tool', 'std', NULL, NULL, 48),
  ('T49', 'Z02', NULL, 'corsy / CORScanner', 'CORS misconfig scanners', 'tool', 'std', NULL, NULL, 49),
  ('T50', 'Z02', NULL, 'Postman / Insomnia / Bruno', 'API testing clients', 'tool', 'std', NULL, NULL, 50),
  ('T51', 'Z02', NULL, 'mitmproxy', 'programmable proxy', 'tool', 'std', NULL, NULL, 51),
  ('T52', 'Z02', NULL, 'Subdomain takeover scanners — subjack, subzy, nuclei takeover templates', NULL, 'tool', 'std', NULL, NULL, 52),
  ('T53', 'Z02', NULL, 'Smuggler.py + http-request-smuggler + Turbo Intruder', 'request smuggling toolchain', 'tool', 'adv', NULL, NULL, 53),
  ('T54', 'Z02', NULL, 'InQL / graphql-cop / Clairvoyance / graphw00f', 'GraphQL recon and attack', 'tool', 'adv', NULL, NULL, 54),
  ('T55', 'Z02', NULL, 'PPScan / DOM Invader / ppmap', 'prototype pollution detection', 'tool', 'adv', NULL, NULL, 55),
  ('T56', 'Z02', NULL, 'web-cache-vulnerability-scanner / Param Miner', 'cache poisoning toolchain', 'tool', 'adv', NULL, NULL, 56),
  ('T57', 'Z02', NULL, 'race-the-web / Turbo Intruder single-packet attack', 'race condition tooling', 'tool', 'adv', NULL, NULL, 57);

INSERT OR IGNORE INTO node (id, zone_id, parent_id, name, gloss, kind, depth, owasp_tag, cwe_id, sort_order) VALUES
  ('T58', 'Z02', NULL, 'garak / PyRIT / promptfoo', 'LLM red-teaming tools', 'tool', 'adv', NULL, NULL, 58),
  ('T59', 'Z02', NULL, 'Semgrep CLI', 'pattern-based static analysis', 'tool', 'std', NULL, NULL, 59),
  ('T60', 'Z02', NULL, 'CodeQL CLI', 'semantic code analysis', 'tool', 'adv', NULL, NULL, 60),
  ('T61', 'Z02', NULL, 'OAST infra — interact.sh / interactsh-client / ngrok', 'out-of-band exfil', 'tool', 'std', NULL, NULL, 61),
  ('T62', 'Z02', NULL, 'proxychains / VPS hygiene', 'operating from clean staging', 'tool', 'std', NULL, NULL, 62),
  ('T63', 'Z02', NULL, 'OPSEC & identity separation tooling', 'burner accounts, separated browsers, VPN/Tor', 'tool', 'adv', NULL, NULL, 63),
  ('T64', 'Z02', NULL, 'tmux / screen', 'long-running shell sessions', 'tool', 'intro', NULL, NULL, 64),
  ('T65', 'Z02', NULL, 'Tailscale / Cloudflare Tunnel', 'exposing labs / collab endpoints', 'tool', 'intro', NULL, NULL, 65),
  ('T66', 'Z02', NULL, 'Reporting — Dradis / Faraday / Serpico / plain markdown', 'engagement reporting tooling', 'tool', 'std', NULL, NULL, 66),
  ('R01', 'Z03', NULL, 'Passive recon — WHOIS', 'registrar, dates, orgs', 'recon', 'std', NULL, NULL, 1),
  ('R02', 'Z03', NULL, 'Passive recon — DNS records', 'beyond A/CNAME (TXT, MX, SPF, DMARC, DKIM, NS)', 'recon', 'std', NULL, NULL, 2),
  ('R03', 'Z03', NULL, 'Passive recon — ASN / BGP / peering', 'IP block ownership', 'recon', 'adv', NULL, NULL, 3),
  ('R04', 'Z03', NULL, 'Passive recon — Certificate Transparency', 'historical & current cert hunting', 'recon', 'std', NULL, NULL, 4),
  ('R05', 'Z03', NULL, 'Passive recon — Public datasets', 'Rapid7, Project Sonar, Common Crawl', 'recon', 'std', NULL, NULL, 5),
  ('R06', 'Z03', NULL, 'Passive recon — S3/GCS/Azure bucket enumeration', 'public bucket hunting', 'recon', 'std', NULL, NULL, 6),
  ('R07', 'Z03', NULL, 'Passive recon — Wayback / archive.org', 'historical content discovery', 'recon', 'std', NULL, NULL, 7),
  ('R08', 'Z03', NULL, 'Active recon — port scanning strategy', 'speed vs stealth, scope respect', 'recon', 'std', NULL, NULL, 8),
  ('R09', 'Z03', NULL, 'Active recon — service detection & banner grabbing', NULL, 'recon', 'std', NULL, NULL, 9),
  ('R10', 'Z03', NULL, 'Subdomain enumeration — passive sources', 'multi-source aggregation', 'recon', 'std', NULL, NULL, 10),
  ('R11', 'Z03', NULL, 'Subdomain enumeration — brute force & permutation', 'wordlists, dnsx', 'recon', 'std', NULL, NULL, 11),
  ('R12', 'Z03', NULL, 'Subdomain enumeration — vhost discovery', 'Host header fuzzing', 'recon', 'std', NULL, NULL, 12),
  ('R13', 'Z03', NULL, 'Content discovery — directory busting', 'common wordlists, recursion', 'recon', 'std', NULL, NULL, 13),
  ('R14', 'Z03', NULL, 'Content discovery — passive parameter mining', 'Wayback, source maps', 'recon', 'std', NULL, NULL, 14),
  ('R15', 'Z03', NULL, 'Content discovery — active parameter mining', 'Param Miner, arjun', 'recon', 'std', NULL, NULL, 15),
  ('R16', 'Z03', NULL, 'Content discovery — robots.txt / sitemap.xml / security.txt / .well-known', NULL, 'recon', 'intro', NULL, NULL, 16),
  ('R17', 'Z03', NULL, 'Content discovery — JS endpoint extraction', 'parsing minified bundles', 'recon', 'std', NULL, NULL, 17),
  ('R18', 'Z03', NULL, 'Content discovery — JS source-map analysis', 'recovering original source', 'recon', 'std', NULL, NULL, 18),
  ('R19', 'Z03', NULL, 'Content discovery — error-page-driven leaks', '404/500 reveals routes', 'recon', 'std', NULL, NULL, 19),
  ('R20', 'Z03', NULL, 'Tech fingerprinting', 'server, framework, CMS, libs, versions', 'recon', 'std', NULL, NULL, 20),
  ('R21', 'Z03', NULL, 'Favicon hashing for fingerprint pivot', 'favfreak, Shodan', 'recon', 'std', NULL, NULL, 21),
  ('R22', 'Z03', NULL, 'API recon — discovering API documentation', 'Swagger/OpenAPI/Postman finding', 'recon', 'std', 'API9', NULL, 22),
  ('R23', 'Z03', NULL, 'API recon — using machine-readable documentation', 'OpenAPI/Swagger consumption', 'recon', 'std', 'API9', NULL, 23),
  ('R24', 'Z03', NULL, 'API recon — identifying API endpoints', 'versioning, shadow endpoints', 'recon', 'std', 'API9', NULL, 24),
  ('R25', 'Z03', NULL, 'API recon — interacting with API endpoints', 'Postman, curl, Burp repeater', 'recon', 'std', NULL, NULL, 25),
  ('R26', 'Z03', NULL, 'API recon — mobile app reverse engineering', 'apk/ipa for endpoints', 'recon', 'adv', NULL, NULL, 26),
  ('R27', 'Z03', NULL, 'GraphQL endpoint discovery', 'universal queries, common endpoint names, request methods', 'recon', 'adv', NULL, NULL, 27),
  ('R28', 'Z03', NULL, 'Authenticated recon', 'what changes when logged in', 'recon', 'std', NULL, NULL, 28),
  ('R29', 'Z03', NULL, 'OSINT on people/orgs', 'LinkedIn, GitHub, breach data, public docs', 'recon', 'std', NULL, NULL, 29),
  ('R30', 'Z03', NULL, 'Source-code recon — GitHub/GitLab/BitBucket org dorking', 'org-level secret hunting', 'recon', 'std', NULL, NULL, 30),
  ('R31', 'Z03', NULL, 'Recon project scaffolding', 'folder structure, naming, change-tracking', 'recon', 'std', NULL, NULL, 31),
  ('R32', 'Z03', NULL, 'Reactive recon / monitors', 'track new subdomains, JS bundle diffs, cert issuance', 'recon', 'adv', NULL, NULL, 32),
  ('R33', 'Z03', NULL, 'Continuous bug bounty recon', '"watch tower" methodology', 'recon', 'adv', NULL, NULL, 33),
  ('R34', 'Z03', NULL, 'IP-to-asset mapping', 'pivoting from a leaked IP to scope membership', 'recon', 'std', NULL, NULL, 34),
  ('R35', 'Z03', NULL, 'Cloud asset attribution', 'finding which AWS/GCP/Azure account owns a public asset', 'recon', 'adv', NULL, NULL, 35),
  ('R36', 'Z03', NULL, 'SaaS-tenant enumeration', 'Slack, Zendesk, Okta, ServiceNow tenant discovery', 'recon', 'adv', NULL, NULL, 36),
  ('R37', 'Z03', NULL, 'Email & SPF/DMARC recon', 'for phishing-adjacent paths', 'recon', 'std', NULL, NULL, 37),
  ('W01', 'Z04', NULL, 'SQL Injection', 'server-side SQL injection', 'vuln', 'std', 'A05', 'CWE-89', 1),
  ('W01a', 'Z04', 'W01', 'Detecting SQL injection', 'input fuzzing, error-driven, response-driven', 'vuln', 'std', NULL, NULL, 2),
  ('W01b', 'Z04', 'W01', 'Subverting application logic', 'bypassing auth, modifying behavior', 'vuln', 'std', NULL, NULL, 3),
  ('W01c', 'Z04', 'W01', 'Retrieving hidden data', 'append conditions to disclose more rows', 'vuln', 'std', NULL, NULL, 4),
  ('W01d', 'Z04', 'W01', 'UNION-based — retrieving data from other tables', 'UNION SELECT data exfil', 'vuln', 'std', NULL, NULL, 5),
  ('W01e', 'Z04', 'W01', 'Examining the database', 'version, schema, columns introspection', 'vuln', 'std', NULL, NULL, 6),
  ('W01f', 'Z04', 'W01', 'Blind SQLi — conditional responses (boolean)', NULL, 'vuln', 'std', NULL, NULL, 7),
  ('W01g', 'Z04', 'W01', 'Blind SQLi — error-based', 'extract via verbose error messages', 'vuln', 'std', NULL, NULL, 8),
  ('W01h', 'Z04', 'W01', 'Blind SQLi — conditional errors', 'induced errors as the boolean signal', 'vuln', 'std', NULL, NULL, 9),
  ('W01i', 'Z04', 'W01', 'Blind SQLi — time delays', 'extract via response delays', 'vuln', 'std', NULL, NULL, 10),
  ('W01j', 'Z04', 'W01', 'Blind SQLi — out-of-band (OAST)', 'DNS/HTTP callbacks', 'vuln', 'std', NULL, NULL, 11),
  ('W01k', 'Z04', 'W01', 'Second-order SQL injection', 'payload stored, triggered later', 'vuln', 'adv', NULL, NULL, 12),
  ('W01l', 'Z04', 'W01', 'SQL injection in different parts of the query', 'INSERT/UPDATE/DELETE, ORDER BY, GROUP BY', 'vuln', 'adv', NULL, NULL, 13),
  ('W01m', 'Z04', 'W01', 'SQL injection in different contexts', 'JSON, XML, header, cookie injection points', 'vuln', 'adv', NULL, NULL, 14),
  ('W01n', 'Z04', 'W01', 'DBMS-specific quirks', 'MySQL/PG/MSSQL/Oracle/SQLite divergences', 'vuln', 'adv', NULL, NULL, 15),
  ('W01o', 'Z04', 'W01', 'WAF / filter bypass for SQLi', 'encoding, comments, alt syntax', 'vuln', 'adv', NULL, NULL, 16),
  ('W02', 'Z04', NULL, 'NoSQL Injection', 'server-side NoSQL injection', 'vuln', 'std', 'A05', 'CWE-943', 17),
  ('W02a', 'Z04', 'W02', 'NoSQL syntax injection — detecting in MongoDB', NULL, 'vuln', 'std', NULL, NULL, 18),
  ('W02b', 'Z04', 'W02', 'NoSQL operator injection — submitting query operators', '`$ne`, `$gt`, `$regex`, `$where`', 'vuln', 'std', NULL, NULL, 19),
  ('W02c', 'Z04', 'W02', 'NoSQL operator injection — detecting in MongoDB', NULL, 'vuln', 'std', NULL, NULL, 20),
  ('W02d', 'Z04', 'W02', 'Exploiting syntax injection to extract data (MongoDB)', NULL, 'vuln', 'std', NULL, NULL, 21),
  ('W02e', 'Z04', 'W02', 'Exploiting NoSQL operator injection to extract data', NULL, 'vuln', 'adv', NULL, NULL, 22),
  ('W02f', 'Z04', 'W02', 'Timing-based NoSQL injection', NULL, 'vuln', 'adv', NULL, NULL, 23),
  ('W03', 'Z04', NULL, 'LDAP Injection', 'filter manipulation, blind extraction', 'vuln', 'adv', 'A05', 'CWE-90', 24),
  ('W04', 'Z04', NULL, 'XPath / XQuery Injection', NULL, 'vuln', 'adv', 'A05', 'CWE-643', 25),
  ('W05', 'Z04', NULL, 'OS Command Injection', NULL, 'vuln', 'std', 'A05', 'CWE-78', 26),
  ('W05a', 'Z04', 'W05', 'Injecting OS commands', 'direct injection', 'vuln', 'std', NULL, NULL, 27),
  ('W05b', 'Z04', 'W05', 'Useful commands', 'recon, exfil, reverse shells', 'vuln', 'std', NULL, NULL, 28),
  ('W05c', 'Z04', 'W05', 'Blind OS cmd injection — time delays', NULL, 'vuln', 'std', NULL, NULL, 29),
  ('W05d', 'Z04', 'W05', 'Blind OS cmd injection — output redirection', NULL, 'vuln', 'std', NULL, NULL, 30),
  ('W05e', 'Z04', 'W05', 'Blind OS cmd injection — out-of-band (OAST)', NULL, 'vuln', 'std', NULL, NULL, 31),
  ('W05f', 'Z04', 'W05', 'Ways of injecting OS commands', 'shell metachars, IFS, brace expansion', 'vuln', 'adv', NULL, NULL, 32),
  ('W05g', 'Z04', 'W05', 'Argument injection (no shell)', 'exploiting `--` flags in subprocess calls', 'vuln', 'adv', NULL, NULL, 33),
  ('W06', 'Z04', NULL, 'Code Injection — eval/exec class', 'language-level eval', 'vuln', 'std', 'A05', 'CWE-94', 34),
  ('W07', 'Z04', NULL, 'Server-Side Template Injection (SSTI)', NULL, 'vuln', 'std', 'A05', 'CWE-1336', 35),
  ('W07a', 'Z04', 'W07', 'SSTI — detect', 'fingerprint via context', 'vuln', 'std', NULL, NULL, 36),
  ('W07b', 'Z04', 'W07', 'SSTI — identify', 'identify the engine', 'vuln', 'std', NULL, NULL, 37),
  ('W07c', 'Z04', 'W07', 'SSTI — exploit', 'sandbox escape, RCE chains', 'vuln', 'adv', NULL, NULL, 38),
  ('W07d', 'Z04', 'W07', 'Jinja2 (Python)', '`__class__`/`__mro__` chains', 'vuln', 'std', NULL, NULL, 39),
  ('W07e', 'Z04', 'W07', 'Twig (PHP)', 'filter exploitation', 'vuln', 'std', NULL, NULL, 40),
  ('W07f', 'Z04', 'W07', 'Freemarker / Velocity (Java)', NULL, 'vuln', 'std', NULL, NULL, 41),
  ('W07g', 'Z04', 'W07', 'ERB (Ruby)', NULL, 'vuln', 'std', NULL, NULL, 42),
  ('W07h', 'Z04', 'W07', 'Smarty / Handlebars / Pug / Mustache / Liquid', NULL, 'vuln', 'adv', NULL, NULL, 43),
  ('W07i', 'Z04', 'W07', 'Sandbox escape research', 'modern hardened sandboxes', 'vuln', 'res', NULL, NULL, 44),
  ('W08', 'Z04', NULL, 'Expression Language Injection', 'Spring SpEL, OGNL (Struts), JSP EL', 'vuln', 'adv', NULL, 'CWE-94', 45),
  ('W09', 'Z04', NULL, 'CRLF Injection', 'base CRLF injection', 'vuln', 'std', NULL, 'CWE-93', 46),
  ('W10', 'Z04', NULL, 'HTTP Response Splitting', 'header injection escalating to splitting', 'vuln', 'adv', NULL, 'CWE-113', 47),
  ('W11', 'Z04', NULL, 'SMTP / Email Header Injection', 'header injection in mail forms', 'vuln', 'std', NULL, NULL, 48),
  ('W12', 'Z04', NULL, 'Log Injection (Log4Shell-class)', 'JNDI lookup chains, ${} evaluation', 'vuln', 'adv', NULL, 'CWE-117', 49),
  ('W13', 'Z04', NULL, 'XML Injection (non-XXE)', 'tag injection, attribute manipulation', 'vuln', 'std', NULL, 'CWE-91', 50),
  ('W14', 'Z04', NULL, 'Server-Side Includes (SSI) Injection', '`<!--#exec ...-->` legacy', 'vuln', 'adv', NULL, NULL, 51),
  ('W15', 'Z04', NULL, 'LaTeX Injection', 'in document-generating apps, `\write18` chains', 'vuln', 'adv', NULL, NULL, 52),
  ('W16', 'Z04', NULL, 'ReDoS — Regex Denial of Service', 'catastrophic backtracking', 'vuln', 'std', NULL, 'CWE-1333', 53),
  ('W17', 'Z04', NULL, 'Polyglot injection (multi-context)', 'payloads firing across SQL+XSS+JSON contexts', 'vuln', 'res', NULL, NULL, 54);

INSERT OR IGNORE INTO node (id, zone_id, parent_id, name, gloss, kind, depth, owasp_tag, cwe_id, sort_order) VALUES
  ('X01', 'Z05', NULL, 'Cross-site Scripting (XSS) — overview', 'XSS umbrella', 'vuln', 'std', 'A05', 'CWE-79', 1),
  ('X01a', 'Z05', 'X01', 'Reflected XSS', 'non-persistent payload', 'vuln', 'std', NULL, 'CWE-79', 2),
  ('X01b', 'Z05', 'X01', 'Stored XSS', 'persistent payload firing on every load', 'vuln', 'std', NULL, 'CWE-79', 3),
  ('X01c', 'Z05', 'X01', 'DOM-based XSS', 'sources, sinks, common patterns', 'vuln', 'std', NULL, 'CWE-79', 4),
  ('X01d', 'Z05', 'X01', 'XSS proof of concept', 'alert(1) is just a starter', 'vuln', 'intro', NULL, NULL, 5),
  ('X01e', 'Z05', 'X01', 'What can XSS be used for?', 'session theft, defacement, account takeover', 'vuln', 'std', NULL, NULL, 6),
  ('X01f', 'Z05', 'X01', 'How to find and test for XSS', 'context-aware payloads', 'vuln', 'std', NULL, NULL, 7),
  ('X01g', 'Z05', 'X01', 'CSP — content security policy bypasses', 'JSONP gadgets, nonce reuse, dangling markup', 'vuln', 'adv', NULL, NULL, 8),
  ('X01h', 'Z05', 'X01', 'Dangling markup injection', 'exfil via CSS/HTML when scripts blocked', 'vuln', 'adv', NULL, NULL, 9),
  ('X01i', 'Z05', 'X01', 'Blind XSS', 'exfil to your collector (admin panels)', 'vuln', 'adv', NULL, NULL, 10),
  ('X01j', 'Z05', 'X01', 'mXSS (mutation XSS)', 'innerHTML mutation flips innocent into malicious', 'vuln', 'adv', NULL, NULL, 11),
  ('X01k', 'Z05', 'X01', 'WAF / filter evasion for XSS', 'encoding chains, casing, fragmentation, polyglots', 'vuln', 'adv', NULL, NULL, 12),
  ('X01l', 'Z05', 'X01', 'XSS via SVG / file upload / PDF / Markdown', 'server-rendered docs', 'vuln', 'adv', NULL, NULL, 13),
  ('X02', 'Z05', NULL, 'CORS — Same-Origin Policy basics', 'what SOP enforces, when relaxed', 'vuln', 'intro', NULL, NULL, 14),
  ('X03', 'Z05', NULL, 'CORS — Relaxation of the same-origin policy', NULL, 'vuln', 'std', NULL, NULL, 15),
  ('X04', 'Z05', NULL, 'CORS — server-generated ACAO from client Origin', 'reflecting attacker origin', 'vuln', 'std', NULL, 'CWE-942', 16),
  ('X05', 'Z05', NULL, 'CORS — errors parsing Origin headers', 'regex/parser flaws', 'vuln', 'std', NULL, 'CWE-942', 17),
  ('X06', 'Z05', NULL, 'CORS — whitelisted null origin value', 'sandboxed iframe trick', 'vuln', 'std', NULL, 'CWE-942', 18),
  ('X07', 'Z05', NULL, 'CORS — exploiting XSS via CORS trust relationships', NULL, 'vuln', 'adv', NULL, NULL, 19),
  ('X08', 'Z05', NULL, 'CORS — breaking TLS with poorly configured CORS', NULL, 'vuln', 'adv', NULL, NULL, 20),
  ('X09', 'Z05', NULL, 'CORS — intranets and CORS without credentials', NULL, 'vuln', 'adv', NULL, NULL, 21),
  ('X10', 'Z05', NULL, 'Clickjacking — basic attack', 'invisible iframe overlay', 'vuln', 'std', NULL, 'CWE-1021', 22),
  ('X11', 'Z05', NULL, 'Clickjacking — Clickbandit', 'Burp''s clickjacking PoC tool', 'vuln', 'intro', NULL, NULL, 23),
  ('X12', 'Z05', NULL, 'Clickjacking — prefilled form input', 'abuse of pre-populated forms', 'vuln', 'std', NULL, NULL, 24),
  ('X13', 'Z05', NULL, 'Clickjacking — frame busting scripts (and bypassing them)', NULL, 'vuln', 'adv', NULL, NULL, 25),
  ('X14', 'Z05', NULL, 'Clickjacking + DOM XSS combo', 'chaining UI redress with stored XSS', 'vuln', 'adv', NULL, NULL, 26),
  ('X15', 'Z05', NULL, 'Multistep clickjacking', 'multi-overlay sequences', 'vuln', 'adv', NULL, NULL, 27),
  ('X16', 'Z05', NULL, 'DOM-based — taint flow (sources & sinks)', NULL, 'vuln', 'std', NULL, 'CWE-79', 28),
  ('X17', 'Z05', NULL, 'DOM-based — common sources', '`location.search`, `document.cookie`, `postMessage` data', 'vuln', 'std', NULL, NULL, 29),
  ('X18', 'Z05', NULL, 'DOM-based — sinks leading to vulnerabilities', '`innerHTML`, `eval`, `document.write`', 'vuln', 'std', NULL, NULL, 30),
  ('X19', 'Z05', NULL, 'DOM clobbering', 'id/name attribute hijacking globals', 'vuln', 'adv', NULL, NULL, 31),
  ('X20', 'Z05', NULL, 'WebSockets — manipulating WebSocket traffic', NULL, 'vuln', 'std', NULL, NULL, 32),
  ('X21', 'Z05', NULL, 'WebSockets — manipulating WebSocket connections', NULL, 'vuln', 'std', NULL, NULL, 33),
  ('X22', 'Z05', NULL, 'WebSockets — exploiting via message manipulation', 'message-format injection', 'vuln', 'std', NULL, NULL, 34),
  ('X23', 'Z05', NULL, 'WebSockets — exploiting via handshake manipulation', NULL, 'vuln', 'adv', NULL, NULL, 35),
  ('X24', 'Z05', NULL, 'WebSockets — Cross-Site WebSocket Hijacking (CSWSH)', 'origin-trust abuse', 'vuln', 'adv', NULL, NULL, 36),
  ('X25', 'Z05', NULL, 'Client-side prototype pollution', 'gadgets in jQuery, Lodash', 'vuln', 'adv', NULL, 'CWE-1321', 37),
  ('X26', 'Z05', NULL, 'Client-side prototype pollution — sources via URL', NULL, 'vuln', 'adv', NULL, 'CWE-1321', 38),
  ('X27', 'Z05', NULL, 'Client-side prototype pollution — sources via JSON input', NULL, 'vuln', 'adv', NULL, 'CWE-1321', 39),
  ('X28', 'Z05', NULL, 'Open redirect', 'and chains that escalate it', 'vuln', 'std', NULL, 'CWE-601', 40),
  ('X29', 'Z05', NULL, 'XSSI / JSON hijacking', 'historical Flash, modern UTF-7 quirks', 'vuln', 'adv', NULL, NULL, 41),
  ('X30', 'Z05', NULL, 'postMessage flaws', 'missing origin checks, exploitable handlers', 'vuln', 'adv', NULL, NULL, 42),
  ('X31', 'Z05', NULL, 'Cross-window / iframe attacks', 'window.opener, named-window confusion', 'vuln', 'adv', NULL, NULL, 43),
  ('X32', 'Z05', NULL, 'Service Worker abuse / persistence', 'register on victim, persist past clean', 'vuln', 'adv', NULL, NULL, 44),
  ('X33', 'Z05', NULL, 'Trusted Types bypass research', 'modern XSS killer with bypass paths', 'vuln', 'res', NULL, NULL, 45),
  ('X34', 'Z05', NULL, 'Sanitizer bypasses', 'DOMPurify history, sanitize-html', 'vuln', 'adv', NULL, NULL, 46),
  ('X35', 'Z05', NULL, 'CSS injection', 'data exfil via fontfaces, attribute selectors', 'vuln', 'adv', NULL, NULL, 47),
  ('X36', 'Z05', NULL, 'Markdown sanitizer bypasses', '`[link](javascript:)`, HTML pass-through', 'vuln', 'adv', NULL, NULL, 48),
  ('X37', 'Z05', NULL, 'Web Push / notification abuse', 'persistent re-engagement', 'vuln', 'adv', NULL, NULL, 49),
  ('X38', 'Z05', NULL, 'WebRTC attack surface', 'STUN leaks, signaling abuse', 'vuln', 'adv', NULL, NULL, 50),
  ('X39', 'Z05', NULL, 'Browser-specific quirks', 'Safari / Firefox / Chromium divergences', 'vuln', 'adv', NULL, NULL, 51),
  ('X40', 'Z05', NULL, 'SameSite=Lax 2-min window attacks', 'top-level POST behavior shortly after navigation', 'vuln', 'adv', NULL, NULL, 52),
  ('X41', 'Z05', NULL, 'XS-Leaks', 'cross-site information leakage via timing/error oracles', 'vuln', 'res', NULL, NULL, 53),
  ('X42', 'Z05', NULL, 'Tabnabbing / reverse tabnabbing', '`target=_blank` without `noopener`', 'vuln', 'std', NULL, NULL, 54),
  ('X43', 'Z05', NULL, 'HTML injection (no JS)', 'phishing, layout attacks, dangling-markup exfil', 'vuln', 'std', NULL, NULL, 55),
  ('A01', 'Z06', NULL, 'Authentication — vulnerabilities in auth mechanisms (overview)', NULL, 'vuln', 'std', 'A07', 'CWE-287', 1),
  ('A02', 'Z06', NULL, 'Authentication — third-party authentication mechanisms', NULL, 'vuln', 'std', 'A07', NULL, 2),
  ('A03', 'Z06', NULL, 'Authentication — preventing attacks', 'defender-side mental model', 'vuln', 'intro', NULL, NULL, 3),
  ('A04', 'Z06', NULL, 'Authentication — weak/default credentials', NULL, 'vuln', 'intro', NULL, 'CWE-798', 4),
  ('A05', 'Z06', NULL, 'Authentication — username enumeration', 'response timing, error differences, registration confirmation', 'vuln', 'std', NULL, NULL, 5),
  ('A06', 'Z06', NULL, 'Authentication — brute-force protections & bypass', 'account toggle, IP rotation, captcha bypass', 'vuln', 'std', NULL, NULL, 6),
  ('A07', 'Z06', NULL, 'Authentication — password reset flaws', 'token leak, host header poisoning, predictable tokens, race', 'vuln', 'std', NULL, 'CWE-640', 7),
  ('A08', 'Z06', NULL, 'Authentication — registration flaws', 'race-based dupe accounts, host header in confirmation links', 'vuln', 'std', NULL, NULL, 8),
  ('A09', 'Z06', NULL, 'Authentication — account confirmation token flaws', NULL, 'vuln', 'std', NULL, NULL, 9),
  ('A10', 'Z06', NULL, '2FA/MFA bypass — response manipulation', 'flip a flag in response', 'vuln', 'std', NULL, NULL, 10),
  ('A11', 'Z06', NULL, '2FA/MFA bypass — OTP brute force', 'rate-limit absence', 'vuln', 'std', NULL, NULL, 11),
  ('A12', 'Z06', NULL, '2FA/MFA bypass — backup-code abuse', NULL, 'vuln', 'std', NULL, NULL, 12),
  ('A13', 'Z06', NULL, '2FA/MFA bypass — race conditions in verification', NULL, 'vuln', 'adv', NULL, NULL, 13),
  ('A14', 'Z06', NULL, '2FA/MFA bypass — second-step missing enforcement', 'forgotten on critical endpoints', 'vuln', 'std', NULL, NULL, 14),
  ('A15', 'Z06', NULL, 'OAuth — how OAuth 2.0 works', NULL, 'vuln', 'intro', 'A07', NULL, 15),
  ('A16', 'Z06', NULL, 'OAuth — authentication vs authorization', 'OIDC layered on OAuth', 'vuln', 'std', NULL, NULL, 16),
  ('A17', 'Z06', NULL, 'OAuth — identifying OAuth (recon)', NULL, 'vuln', 'std', NULL, NULL, 17),
  ('A18', 'Z06', NULL, 'OAuth — vulnerabilities in the OAuth client application', '`state` missing, CSRF on auth code flow', 'vuln', 'adv', NULL, 'CWE-352', 18),
  ('A19', 'Z06', NULL, 'OAuth — leaking authorization codes / access tokens', '`redirect_uri` flaws, referer leakage', 'vuln', 'adv', NULL, 'CWE-601', 19),
  ('A20', 'Z06', NULL, 'OAuth — flawed scope validation', NULL, 'vuln', 'adv', NULL, 'CWE-863', 20),
  ('A21', 'Z06', NULL, 'OAuth — unverified user registration', 'pre-account-creation attack', 'vuln', 'adv', NULL, NULL, 21),
  ('A22', 'Z06', NULL, 'OAuth — covert redirects', NULL, 'vuln', 'adv', NULL, 'CWE-601', 22),
  ('A23', 'Z06', NULL, 'OAuth — response_mode/response_type confusion', NULL, 'vuln', 'adv', NULL, NULL, 23),
  ('A24', 'Z06', NULL, 'OAuth — dynamic client registration abuse', NULL, 'vuln', 'adv', NULL, NULL, 24),
  ('A25', 'Z06', NULL, 'OAuth — token leakage in Referer / logs', NULL, 'vuln', 'std', NULL, 'CWE-200', 25),
  ('A26', 'Z06', NULL, 'OAuth — code reuse / replay', NULL, 'vuln', 'std', NULL, NULL, 26),
  ('A27', 'Z06', NULL, 'OAuth — missing PKCE', 'public client interception', 'vuln', 'std', NULL, NULL, 27),
  ('A28', 'Z06', NULL, 'OIDC — id_token validation flaws', NULL, 'vuln', 'adv', NULL, 'CWE-345', 28),
  ('A29', 'Z06', NULL, 'OIDC — alg confusion (id_token)', NULL, 'vuln', 'adv', NULL, 'CWE-757', 29),
  ('A30', 'Z06', NULL, 'OIDC — nonce reuse', NULL, 'vuln', 'adv', NULL, NULL, 30),
  ('A31', 'Z06', NULL, 'SAML — XML Signature Wrapping (XSW)', NULL, 'vuln', 'adv', NULL, 'CWE-347', 31),
  ('A32', 'Z06', NULL, 'SAML — XXE in SAML responses', NULL, 'vuln', 'adv', NULL, 'CWE-611', 32),
  ('A33', 'Z06', NULL, 'SAML — signature bypass', NULL, 'vuln', 'adv', NULL, 'CWE-347', 33),
  ('A34', 'Z06', NULL, 'SAML — NameID confusion / replay', NULL, 'vuln', 'adv', NULL, NULL, 34),
  ('A35', 'Z06', NULL, 'Session management — predictable IDs', 'weak randomness', 'vuln', 'std', NULL, NULL, 35),
  ('A36', 'Z06', NULL, 'Session management — fixation', NULL, 'vuln', 'std', NULL, 'CWE-384', 36),
  ('A37', 'Z06', NULL, 'Session management — hijack via XSS', NULL, 'vuln', 'std', NULL, NULL, 37),
  ('A38', 'Z06', NULL, 'Session management — weak invalidation on logout / password change', NULL, 'vuln', 'std', NULL, NULL, 38),
  ('A39', 'Z06', NULL, 'Session management — multi-session conflicts', NULL, 'vuln', 'adv', NULL, NULL, 39),
  ('A40', 'Z06', NULL, 'Session puzzling / session variable collision', NULL, 'vuln', 'adv', NULL, NULL, 40),
  ('A41', 'Z06', NULL, 'Cookie attribute misuse', 'Secure/HttpOnly/SameSite/Domain/Path errors', 'vuln', 'std', NULL, NULL, 41),
  ('A42', 'Z06', NULL, 'Cookie prefixes (`__Host-` / `__Secure-`) misuse', NULL, 'vuln', 'adv', NULL, NULL, 42),
  ('A43', 'Z06', NULL, 'JWT — format / signature / JWT vs JWS vs JWE', NULL, 'vuln', 'intro', NULL, NULL, 43),
  ('A44', 'Z06', NULL, 'JWT — accepting arbitrary signatures', NULL, 'vuln', 'std', NULL, 'CWE-347', 44),
  ('A45', 'Z06', NULL, 'JWT — accepting tokens with no signature (alg=none)', NULL, 'vuln', 'std', NULL, 'CWE-347', 45);

INSERT OR IGNORE INTO node (id, zone_id, parent_id, name, gloss, kind, depth, owasp_tag, cwe_id, sort_order) VALUES
  ('A46', 'Z06', NULL, 'JWT — brute-forcing weak HS256 secrets', NULL, 'vuln', 'std', NULL, 'CWE-916', 46),
  ('A47', 'Z06', NULL, 'JWT — header injection — jwk', 'injecting self-signed JWTs via `jwk`', 'vuln', 'adv', NULL, 'CWE-347', 47),
  ('A48', 'Z06', NULL, 'JWT — header injection — jku', 'injecting via `jku`', 'vuln', 'adv', NULL, 'CWE-347', 48),
  ('A49', 'Z06', NULL, 'JWT — header injection — kid', '`kid` path traversal / SQLi / cmd injection', 'vuln', 'adv', NULL, 'CWE-347', 49),
  ('A50', 'Z06', NULL, 'JWT — algorithm confusion (RS256 → HS256)', NULL, 'vuln', 'adv', NULL, 'CWE-757', 50),
  ('A51', 'Z06', NULL, 'JWT — other header parameter abuses (`x5u`, `x5c`)', NULL, 'vuln', 'adv', NULL, 'CWE-347', 51),
  ('A52', 'Z06', NULL, 'JWT — implementation libs that don''t verify', NULL, 'vuln', 'std', NULL, 'CWE-345', 52),
  ('A53', 'Z06', NULL, 'JWT — typ/cty confusion', NULL, 'vuln', 'adv', NULL, 'CWE-345', 53),
  ('A54', 'Z06', NULL, 'PASETO awareness', NULL, 'vuln', 'intro', NULL, NULL, 54),
  ('A55', 'Z06', NULL, 'Magic-link / token auth — reuse, predictable, leakage', NULL, 'vuln', 'std', NULL, NULL, 55),
  ('A56', 'Z06', NULL, 'SSO & federation flaws', NULL, 'vuln', 'adv', NULL, NULL, 56),
  ('A57', 'Z06', NULL, 'WebAuthn / FIDO2 attack surface', 'challenge reuse, origin validation', 'vuln', 'adv', NULL, NULL, 57),
  ('A58', 'Z06', NULL, 'Passkeys — recovery & cross-device sync flaws', NULL, 'vuln', 'adv', NULL, NULL, 58),
  ('A59', 'Z06', NULL, 'mTLS misconfigurations', 'client cert validation gaps', 'vuln', 'adv', NULL, NULL, 59),
  ('A60', 'Z06', NULL, 'API key & secret hygiene', 'leaked keys, key reuse, scope abuse', 'vuln', 'std', NULL, NULL, 60),
  ('A61', 'Z06', NULL, 'Kerberos in web context (light)', 'deeper in red team', 'vuln', 'adv', NULL, NULL, 61),
  ('A62', 'Z06', NULL, 'NTLM authentication on web endpoints', NULL, 'vuln', 'adv', NULL, NULL, 62),
  ('A63', 'Z06', NULL, 'Cookie injection / cookie tossing', 'subdomain trust violations', 'vuln', 'adv', NULL, NULL, 63),
  ('A64', 'Z06', NULL, 'Hash length-extension attacks', 'auth-scheme-dependent', 'vuln', 'adv', NULL, NULL, 64),
  ('A65', 'Z06', NULL, 'Padding oracle on auth tokens', 'Bleichenbacher / POODLE-class', 'vuln', 'adv', NULL, NULL, 65),
  ('A66', 'Z06', NULL, 'Account takeover playbook', 'chained primitives template', 'vuln', 'std', NULL, NULL, 66),
  ('A67', 'Z06', NULL, 'Pre-account-creation takeover', 'register email victim later uses', 'vuln', 'adv', NULL, NULL, 67),
  ('A68', 'Z06', NULL, 'Email change flaws', 'unverified change, race-based change, token reuse', 'vuln', 'std', NULL, NULL, 68),
  ('A69', 'Z06', NULL, 'OAuth + email-trust ATO chain', 'combine A21 + A68', 'vuln', 'adv', NULL, NULL, 69),
  ('AC01', 'Z07', NULL, 'Vertical access controls', NULL, 'vuln', 'std', 'A01', 'CWE-862', 1),
  ('AC02', 'Z07', NULL, 'Horizontal access controls', 'peer-to-peer data access flaws', 'vuln', 'std', 'A01', 'CWE-862', 2),
  ('AC03', 'Z07', NULL, 'Context-dependent access controls', 'state-machine-aware access', 'vuln', 'std', 'A01', NULL, 3),
  ('AC04', 'Z07', NULL, 'Vertical privilege escalation', 'user → admin', 'vuln', 'std', 'A01', 'CWE-269', 4),
  ('AC05', 'Z07', NULL, 'Horizontal privilege escalation', 'peer → peer', 'vuln', 'std', 'A01', NULL, 5),
  ('AC06', 'Z07', NULL, 'Horizontal-to-vertical privilege escalation', 'chain peer access into role uplift', 'vuln', 'adv', 'A01', NULL, 6),
  ('AC07', 'Z07', NULL, 'Insecure Direct Object References (IDOR)', NULL, 'vuln', 'std', 'A01', 'CWE-639', 7),
  ('AC07a', 'Z07', 'AC07', 'IDOR — numeric', NULL, 'vuln', 'std', NULL, NULL, 8),
  ('AC07b', 'Z07', 'AC07', 'IDOR — GUID-guessable / predictable', NULL, 'vuln', 'std', NULL, NULL, 9),
  ('AC07c', 'Z07', 'AC07', 'IDOR — encoded references', NULL, 'vuln', 'std', NULL, NULL, 10),
  ('AC08', 'Z07', NULL, 'Access control vulnerabilities in multi-step processes', 'skipping a confirmation step', 'vuln', 'adv', 'A01', NULL, 11),
  ('AC09', 'Z07', NULL, 'Referer-based access control', 'trusting Referer header', 'vuln', 'std', 'A01', NULL, 12),
  ('AC10', 'Z07', NULL, 'Location-based access control', 'IP/geo trust flaws', 'vuln', 'adv', 'A01', NULL, 13),
  ('AC11', 'Z07', NULL, 'Forced browsing', 'guessing/finding unprotected endpoints', 'vuln', 'std', 'A01', NULL, 14),
  ('AC12', 'Z07', NULL, 'Broken Function Level Authorization (BFLA)', 'admin endpoints exposed', 'vuln', 'std', 'API5', 'CWE-862', 15),
  ('AC13', 'Z07', NULL, 'Method-based bypass', 'POST→PUT/PATCH/DELETE/OPTIONS', 'vuln', 'adv', NULL, NULL, 16),
  ('AC14', 'Z07', NULL, 'Path-based bypass — case sensitivity', NULL, 'vuln', 'adv', NULL, NULL, 17),
  ('AC15', 'Z07', NULL, 'Path-based bypass — trailing slashes / encoding', NULL, 'vuln', 'adv', NULL, NULL, 18),
  ('AC16', 'Z07', NULL, 'Path-based bypass — semicolons / matrix params', NULL, 'vuln', 'adv', NULL, NULL, 19),
  ('AC17', 'Z07', NULL, 'Header-based bypass', '`X-Original-URL`, `X-Rewrite-URL`, `X-Forwarded-*`', 'vuln', 'adv', NULL, NULL, 20),
  ('AC18', 'Z07', NULL, 'API versioning bypass', 'older `/v1/` endpoints with weaker checks', 'vuln', 'std', NULL, NULL, 21),
  ('AC19', 'Z07', NULL, 'Multi-tenant data leakage', NULL, 'vuln', 'adv', 'A01', NULL, 22),
  ('AC20', 'Z07', NULL, 'RBAC vs ABAC implementation flaws', NULL, 'vuln', 'adv', NULL, NULL, 23),
  ('AC21', 'Z07', NULL, 'Authz checks at wrong layer', 'UI hides, API doesn''t enforce', 'vuln', 'std', NULL, NULL, 24),
  ('AC22', 'Z07', NULL, 'Race condition in authz checks', NULL, 'vuln', 'adv', NULL, 'CWE-362', 25),
  ('AC23', 'Z07', NULL, 'OAuth scope escalation', NULL, 'vuln', 'adv', NULL, 'CWE-863', 26),
  ('AC24', 'Z07', NULL, 'Workspace / tenant boundary bypass', NULL, 'vuln', 'adv', NULL, NULL, 27),
  ('AC25', 'Z07', NULL, 'Role downgrade keeping access', 'tier transitions', 'vuln', 'adv', NULL, NULL, 28),
  ('AC26', 'Z07', NULL, 'SaaS impersonation flaws', 'admin-impersonate-user features', 'vuln', 'adv', NULL, NULL, 29),
  ('AC27', 'Z07', NULL, 'Org/team membership manipulation', 'invite-flow abuse', 'vuln', 'adv', NULL, NULL, 30),
  ('S01', 'Z08', NULL, 'SSRF — overview', NULL, 'vuln', 'std', 'A01', 'CWE-918', 1),
  ('S02', 'Z08', NULL, 'SSRF — common attacks against the server', NULL, 'vuln', 'std', NULL, 'CWE-918', 2),
  ('S03', 'Z08', NULL, 'SSRF — attacks against other back-end systems', 'internal services pivot', 'vuln', 'std', NULL, 'CWE-918', 3),
  ('S04', 'Z08', NULL, 'SSRF — circumventing blacklist-based input filters', NULL, 'vuln', 'adv', NULL, 'CWE-918', 4),
  ('S05', 'Z08', NULL, 'SSRF — circumventing whitelist-based input filters', NULL, 'vuln', 'adv', NULL, 'CWE-918', 5),
  ('S06', 'Z08', NULL, 'SSRF — bypassing filters via open redirection', NULL, 'vuln', 'adv', NULL, 'CWE-918', 6),
  ('S07', 'Z08', NULL, 'SSRF — blind SSRF (OAST exfil)', NULL, 'vuln', 'adv', NULL, 'CWE-918', 7),
  ('S08', 'Z08', NULL, 'SSRF — finding hidden surface — partial URLs in requests', NULL, 'vuln', 'std', NULL, 'CWE-918', 8),
  ('S09', 'Z08', NULL, 'SSRF — URLs within data formats', NULL, 'vuln', 'std', NULL, 'CWE-918', 9),
  ('S10', 'Z08', NULL, 'SSRF — via Referer header', NULL, 'vuln', 'std', NULL, 'CWE-918', 10),
  ('S11', 'Z08', NULL, 'SSRF — cloud metadata abuse', 'AWS 169.254.169.254, GCP, Azure, Alibaba, DO', 'vuln', 'adv', NULL, 'CWE-918', 11),
  ('S12', 'Z08', NULL, 'SSRF — DNS rebinding', NULL, 'vuln', 'adv', NULL, 'CWE-918', 12),
  ('S13', 'Z08', NULL, 'SSRF — gopher / file / dict scheme abuse', 'Redis/Memcached pivot', 'vuln', 'adv', NULL, 'CWE-918', 13),
  ('S14', 'Z08', NULL, 'SSRF — chains to RCE', NULL, 'vuln', 'adv', NULL, 'CWE-918', 14),
  ('S15', 'Z08', NULL, 'XXE — types of XXE attacks (overview)', NULL, 'vuln', 'std', 'A05', 'CWE-611', 15),
  ('S16', 'Z08', NULL, 'XXE — exploiting XXE to retrieve files', NULL, 'vuln', 'std', NULL, 'CWE-611', 16),
  ('S17', 'Z08', NULL, 'XXE — exploiting XXE to perform SSRF', NULL, 'vuln', 'std', NULL, 'CWE-611', 17),
  ('S18', 'Z08', NULL, 'XXE — blind XXE', NULL, 'vuln', 'adv', NULL, 'CWE-611', 18),
  ('S19', 'Z08', NULL, 'XXE — XInclude attacks', NULL, 'vuln', 'adv', NULL, 'CWE-611', 19),
  ('S20', 'Z08', NULL, 'XXE — via file upload', NULL, 'vuln', 'adv', NULL, 'CWE-611', 20),
  ('S21', 'Z08', NULL, 'XXE — via modified content type', NULL, 'vuln', 'adv', NULL, 'CWE-611', 21),
  ('S22', 'Z08', NULL, 'XXE — in SAML / SVG / DOCX / XLSX / RSS', NULL, 'vuln', 'adv', NULL, 'CWE-611', 22),
  ('S23', 'Z08', NULL, 'File upload — flawed file type validation', NULL, 'vuln', 'std', 'A01', 'CWE-434', 23),
  ('S24', 'Z08', NULL, 'File upload — preventing file execution in user-accessible directories', 'bypass via mis-mapped server config', 'vuln', 'std', NULL, 'CWE-434', 24),
  ('S25', 'Z08', NULL, 'File upload — insufficient blacklisting of dangerous file types', NULL, 'vuln', 'std', NULL, 'CWE-434', 25),
  ('S26', 'Z08', NULL, 'File upload — overriding the server configuration', '`.htaccess`, `web.config`', 'vuln', 'adv', NULL, 'CWE-434', 26),
  ('S27', 'Z08', NULL, 'File upload — obfuscating file extensions', 'null byte, double extensions, alt extensions', 'vuln', 'std', NULL, 'CWE-434', 27),
  ('S28', 'Z08', NULL, 'File upload — flawed validation of file''s contents', 'magic bytes, polyglot files (GIFAR)', 'vuln', 'std', NULL, 'CWE-434', 28),
  ('S29', 'Z08', NULL, 'File upload — race conditions', NULL, 'vuln', 'adv', NULL, 'CWE-434', 29),
  ('S30', 'Z08', NULL, 'File upload — race conditions in URL-based uploads', NULL, 'vuln', 'adv', NULL, 'CWE-434', 30),
  ('S31', 'Z08', NULL, 'File upload — without RCE — uploading malicious client-side scripts', 'SVG-XSS, HTML files', 'vuln', 'std', NULL, 'CWE-434', 31),
  ('S32', 'Z08', NULL, 'File upload — exploiting parsing vulnerabilities', 'ImageMagick (ImageTragick), ExifTool chains', 'vuln', 'adv', NULL, 'CWE-434', 32),
  ('S33', 'Z08', NULL, 'File upload — using PUT', NULL, 'vuln', 'adv', NULL, 'CWE-434', 33),
  ('S34', 'Z08', NULL, 'Path traversal — reading arbitrary files', NULL, 'vuln', 'std', NULL, 'CWE-22', 34),
  ('S35', 'Z08', NULL, 'Path traversal — common obstacles & bypasses', 'encoded variants, base+filter combos', 'vuln', 'std', NULL, 'CWE-22', 35),
  ('S36', 'Z08', NULL, 'LFI — classic include', 'language-specific include sinks', 'vuln', 'std', NULL, NULL, 36),
  ('S37', 'Z08', NULL, 'LFI — PHP wrappers', '`php://filter`, `data://`, `expect://`, `zip://`, `phar://`', 'vuln', 'adv', NULL, NULL, 37),
  ('S38', 'Z08', NULL, 'LFI — log poisoning → RCE', NULL, 'vuln', 'adv', NULL, NULL, 38),
  ('S40', 'Z08', NULL, 'LFI — session-file inclusion', NULL, 'vuln', 'adv', NULL, NULL, 39),
  ('S41', 'Z08', NULL, 'RFI', 'when remote includes still possible', 'vuln', 'adv', NULL, NULL, 40),
  ('S42', 'Z08', NULL, 'Insecure deserialization — overview', NULL, 'vuln', 'std', 'A08', 'CWE-502', 41),
  ('S43', 'Z08', NULL, 'Insecure deserialization — PHP unserialize / phar', NULL, 'vuln', 'adv', NULL, 'CWE-502', 42),
  ('S44', 'Z08', NULL, 'Insecure deserialization — Java (ysoserial gadget chains)', NULL, 'vuln', 'adv', NULL, 'CWE-502', 43),
  ('S45', 'Z08', NULL, 'Insecure deserialization — .NET (BinaryFormatter, JSON.NET TypeNameHandling, ViewState)', NULL, 'vuln', 'adv', NULL, 'CWE-502', 44),
  ('S46', 'Z08', NULL, 'Insecure deserialization — Python pickle', NULL, 'vuln', 'adv', NULL, 'CWE-502', 45),
  ('S47', 'Z08', NULL, 'Insecure deserialization — Ruby Marshal / YAML', NULL, 'vuln', 'adv', NULL, 'CWE-502', 46);

INSERT OR IGNORE INTO node (id, zone_id, parent_id, name, gloss, kind, depth, owasp_tag, cwe_id, sort_order) VALUES
  ('S48', 'Z08', NULL, 'Insecure deserialization — Node.js (node-serialize, vm2 escapes)', NULL, 'vuln', 'adv', NULL, 'CWE-502', 47),
  ('S49', 'Z08', NULL, 'Server-side prototype pollution', NULL, 'vuln', 'adv', NULL, 'CWE-1321', 48),
  ('S50', 'Z08', NULL, 'Race conditions — overview', NULL, 'vuln', 'std', NULL, 'CWE-362', 49),
  ('S51', 'Z08', NULL, 'Race conditions — limit overrun (Burp Repeater)', NULL, 'vuln', 'std', NULL, 'CWE-362', 50),
  ('S52', 'Z08', NULL, 'Race conditions — limit overrun (Turbo Intruder, single-packet attack)', NULL, 'vuln', 'adv', NULL, 'CWE-362', 51),
  ('S53', 'Z08', NULL, 'Race conditions — hidden multi-step sequences', NULL, 'vuln', 'adv', NULL, 'CWE-362', 52),
  ('S54', 'Z08', NULL, 'Race conditions — methodology (predict / probe / prove)', NULL, 'vuln', 'std', NULL, 'CWE-362', 53),
  ('S55', 'Z08', NULL, 'Race conditions — multi-endpoint', 'aligning windows across endpoints', 'vuln', 'adv', NULL, 'CWE-362', 54),
  ('S56', 'Z08', NULL, 'Race conditions — single-endpoint', NULL, 'vuln', 'std', NULL, 'CWE-362', 55),
  ('S57', 'Z08', NULL, 'Race conditions — session-based locking mechanisms', NULL, 'vuln', 'adv', NULL, 'CWE-362', 56),
  ('S58', 'Z08', NULL, 'Race conditions — partial construction', NULL, 'vuln', 'adv', NULL, 'CWE-362', 57),
  ('S59', 'Z08', NULL, 'Race conditions — time-sensitive attacks', NULL, 'vuln', 'adv', NULL, 'CWE-362', 58),
  ('S60', 'Z08', NULL, 'Server-Side XSS in PDF generators / headless browser rendering', NULL, 'vuln', 'adv', NULL, NULL, 59),
  ('S61', 'Z08', NULL, 'Server-side Markdown rendering vulns', NULL, 'vuln', 'adv', NULL, NULL, 60),
  ('S62', 'Z08', NULL, 'Memory-safety bugs in web servers', 'rare for pentesters, awareness', 'vuln', 'res', NULL, 'CWE-787', 61),
  ('S63', 'Z08', NULL, 'Email-server attack surface (web-adjacent)', 'IMAP/SMTP exposed via web', 'vuln', 'adv', NULL, NULL, 62),
  ('H01', 'Z09', NULL, 'HTTP request smuggling — how it arises', NULL, 'vuln', 'adv', NULL, 'CWE-444', 1),
  ('H02', 'Z09', NULL, 'HTTP request smuggling — CL.TE', NULL, 'vuln', 'adv', NULL, 'CWE-444', 2),
  ('H03', 'Z09', NULL, 'HTTP request smuggling — TE.CL', NULL, 'vuln', 'adv', NULL, 'CWE-444', 3),
  ('H04', 'Z09', NULL, 'HTTP request smuggling — TE.TE (obfuscating the TE header)', NULL, 'vuln', 'adv', NULL, 'CWE-444', 4),
  ('H05', 'Z09', NULL, 'HTTP request smuggling — identifying', NULL, 'vuln', 'adv', NULL, 'CWE-444', 5),
  ('H06', 'Z09', NULL, 'HTTP request smuggling — exploiting', NULL, 'vuln', 'adv', NULL, 'CWE-444', 6),
  ('H07', 'Z09', NULL, 'HTTP request smuggling — advanced', NULL, 'vuln', 'res', NULL, 'CWE-444', 7),
  ('H08', 'Z09', NULL, 'Browser-powered HTTP request smuggling', NULL, 'vuln', 'res', NULL, 'CWE-444', 8),
  ('H09', 'Z09', NULL, 'HTTP request smuggling — preventing', NULL, 'vuln', 'std', NULL, 'CWE-444', 9),
  ('H10', 'Z09', NULL, 'HTTP/2 request tunneling / smuggling (h2.cl, h2.te)', NULL, 'vuln', 'res', NULL, 'CWE-444', 10),
  ('H11', 'Z09', NULL, 'HTTP/3 / QUIC quirks', NULL, 'vuln', 'res', NULL, NULL, 11),
  ('H12', 'Z09', NULL, 'Web cache poisoning — how a web cache works', NULL, 'vuln', 'intro', NULL, NULL, 12),
  ('H13', 'Z09', NULL, 'Web cache poisoning — unkeyed inputs', NULL, 'vuln', 'adv', NULL, 'CWE-349', 13),
  ('H14', 'Z09', NULL, 'Web cache poisoning — eliciting harmful responses (fat GET)', NULL, 'vuln', 'adv', NULL, 'CWE-349', 14),
  ('H15', 'Z09', NULL, 'Web cache poisoning — getting the response cached', NULL, 'vuln', 'adv', NULL, 'CWE-349', 15),
  ('H16', 'Z09', NULL, 'Web cache poisoning — exploiting', 'XSS-via-cache, DoS-via-cache', 'vuln', 'adv', NULL, 'CWE-349', 16),
  ('H17', 'Z09', NULL, 'Web cache poisoning — preventing', NULL, 'vuln', 'std', NULL, 'CWE-349', 17),
  ('H18', 'Z09', NULL, 'Web cache deception — caches & cache keys', NULL, 'vuln', 'std', NULL, NULL, 18),
  ('H19', 'Z09', NULL, 'Web cache deception — cache rules', NULL, 'vuln', 'std', NULL, NULL, 19),
  ('H20', 'Z09', NULL, 'Web cache deception — constructing the attack', 'cache buster, detecting cached', 'vuln', 'adv', NULL, 'CWE-349', 20),
  ('H21', 'Z09', NULL, 'Web cache deception — exploiting static extension cache rules', 'path mapping, delimiter discrepancies', 'vuln', 'adv', NULL, 'CWE-349', 21),
  ('H22', 'Z09', NULL, 'Web cache deception — exploiting static directory cache rules', 'origin vs cache normalization', 'vuln', 'adv', NULL, 'CWE-349', 22),
  ('H23', 'Z09', NULL, 'Web cache deception — exploiting file name cache rules', 'normalization discrepancies', 'vuln', 'adv', NULL, 'CWE-349', 23),
  ('H24', 'Z09', NULL, 'Web cache deception — preventing', NULL, 'vuln', 'std', NULL, 'CWE-349', 24),
  ('H25', 'Z09', NULL, 'HTTP Host header — virtual hosting & routing via intermediaries', NULL, 'vuln', 'std', NULL, NULL, 25),
  ('H26', 'Z09', NULL, 'HTTP Host header — how Host header solves virtual hosting', NULL, 'vuln', 'intro', NULL, NULL, 26),
  ('H27', 'Z09', NULL, 'HTTP Host header — how vulnerabilities arise', NULL, 'vuln', 'std', NULL, NULL, 27),
  ('H28', 'Z09', NULL, 'HTTP Host header — exploiting', 'password reset poisoning, routing-based ACL bypass, vhost routing', 'vuln', 'adv', NULL, NULL, 28),
  ('H29', 'Z09', NULL, 'HTTP Host header — preventing', NULL, 'vuln', 'std', NULL, NULL, 29),
  ('H30', 'Z09', NULL, 'Range header attacks', NULL, 'vuln', 'adv', NULL, NULL, 30),
  ('H31', 'Z09', NULL, 'Cookie tossing / cookie injection', 'cross-link A63', 'vuln', 'adv', NULL, NULL, 31),
  ('H32', 'Z09', NULL, 'HTTP parameter pollution (HPP)', NULL, 'vuln', 'std', NULL, 'CWE-235', 32),
  ('H33', 'Z09', NULL, 'Connection reuse / pipelining quirks', NULL, 'vuln', 'adv', NULL, NULL, 33),
  ('H34', 'Z09', NULL, '0-RTT replay (TLS 1.3)', NULL, 'vuln', 'res', NULL, NULL, 34),
  ('H35', 'Z09', NULL, 'ESI (Edge Side Include) injection', NULL, 'vuln', 'adv', NULL, NULL, 35),
  ('H36', 'Z09', NULL, 'Misrouting via load-balancer header parsing', NULL, 'vuln', 'res', NULL, NULL, 36),
  ('H37', 'Z09', NULL, 'Header normalization differential (front-end vs back-end disagreement)', NULL, 'vuln', 'res', NULL, NULL, 37),
  ('H38', 'Z09', NULL, 'HTTP/2 header smuggling via `:method` / `:scheme`', NULL, 'vuln', 'res', NULL, NULL, 38),
  ('H39', 'Z09', NULL, 'Server-Sent Events (SSE) attack surface', NULL, 'vuln', 'adv', NULL, NULL, 39),
  ('H40', 'Z09', NULL, 'Trailer header tricks', NULL, 'vuln', 'res', NULL, NULL, 40),
  ('H41', 'Z09', NULL, 'chunked encoding edge cases', NULL, 'vuln', 'res', NULL, NULL, 41),
  ('C01', 'Z10', NULL, 'CSRF — how it works', NULL, 'vuln', 'std', NULL, 'CWE-352', 1),
  ('C02', 'Z10', NULL, 'CSRF — constructing an attack', NULL, 'vuln', 'std', NULL, 'CWE-352', 2),
  ('C03', 'Z10', NULL, 'CSRF — delivering an exploit', 'auto-submit forms, popups', 'vuln', 'std', NULL, 'CWE-352', 3),
  ('C04', 'Z10', NULL, 'CSRF — common defences (and bypassing them)', NULL, 'vuln', 'adv', NULL, 'CWE-352', 4),
  ('C05', 'Z10', NULL, 'CSRF token — predictable / weak', NULL, 'vuln', 'std', NULL, 'CWE-352', 5),
  ('C06', 'Z10', NULL, 'CSRF token — omitted on critical endpoints', NULL, 'vuln', 'std', NULL, 'CWE-352', 6),
  ('C07', 'Z10', NULL, 'CSRF token — validated only when present', 'drop the param to bypass', 'vuln', 'std', NULL, 'CWE-352', 7),
  ('C08', 'Z10', NULL, 'CSRF token — not bound to session', NULL, 'vuln', 'std', NULL, 'CWE-352', 8),
  ('C09', 'Z10', NULL, 'SameSite — Lax behavior', NULL, 'vuln', 'std', NULL, NULL, 9),
  ('C10', 'Z10', NULL, 'SameSite — Strict behavior', NULL, 'vuln', 'std', NULL, NULL, 10),
  ('C11', 'Z10', NULL, 'SameSite — None (and the requirement for Secure)', NULL, 'vuln', 'std', NULL, NULL, 11),
  ('C12', 'Z10', NULL, 'SameSite — Lax 2-min window attacks', 'cross-link X40', 'vuln', 'adv', NULL, NULL, 12),
  ('C13', 'Z10', NULL, 'Login CSRF', 'force victim to log into attacker''s account', 'vuln', 'std', NULL, 'CWE-352', 13),
  ('C14', 'Z10', NULL, 'JSON CSRF', 'Content-Type tricks, text/plain bypasses', 'vuln', 'adv', NULL, 'CWE-352', 14),
  ('C15', 'Z10', NULL, 'Flash-era CSRF leftovers', 'historical awareness', 'vuln', 'res', NULL, NULL, 15),
  ('C16', 'Z10', NULL, 'CORS-misconfig-enabled CSRF', NULL, 'vuln', 'adv', NULL, 'CWE-352', 16),
  ('C17', 'Z10', NULL, 'Cross-Site Tracing (XST)', 'historical', 'vuln', 'res', NULL, NULL, 17),
  ('C18', 'Z10', NULL, 'CSRF via subdomain trust', NULL, 'vuln', 'adv', NULL, 'CWE-352', 18),
  ('C19', 'Z10', NULL, 'GraphQL CSRF — mutation via GET / form-encoded', NULL, 'vuln', 'adv', NULL, 'CWE-352', 19),
  ('C20', 'Z10', NULL, 'CSRF on file-upload endpoints', NULL, 'vuln', 'adv', NULL, 'CWE-352', 20),
  ('C21', 'Z10', NULL, 'Logout CSRF', 'annoyance escalating to chains', 'vuln', 'std', NULL, 'CWE-352', 21),
  ('API1', 'Z11', NULL, 'OWASP API Top 10:2023 — walkthrough', NULL, 'vuln', 'std', NULL, NULL, 1),
  ('API1a', 'Z11', 'API1', 'Broken Object Level Authorization (BOLA)', NULL, 'vuln', 'std', 'API1', 'CWE-639', 2),
  ('API1b', 'Z11', 'API1', 'Broken Authentication', NULL, 'vuln', 'std', 'API2', 'CWE-287', 3),
  ('API1c', 'Z11', 'API1', 'Broken Object Property Level Authorization', 'combines old "Excessive Data Exposure" + "Mass Assignment"', 'vuln', 'std', 'API3', 'CWE-915', 4),
  ('API1d', 'Z11', 'API1', 'Unrestricted Resource Consumption', NULL, 'vuln', 'std', 'API4', 'CWE-400', 5),
  ('API1e', 'Z11', 'API1', 'Broken Function Level Authorization (BFLA)', NULL, 'vuln', 'std', 'API5', 'CWE-862', 6),
  ('API1f', 'Z11', 'API1', 'Unrestricted Access to Sensitive Business Flows', 'automation of business flows without anti-automation', 'vuln', 'std', 'API6', NULL, 7),
  ('API1g', 'Z11', 'API1', 'Server Side Request Forgery (API)', NULL, 'vuln', 'std', 'API7', 'CWE-918', 8),
  ('API1h', 'Z11', 'API1', 'Security Misconfiguration (API)', 'defaults, verbose errors, permissive CORS', 'vuln', 'std', 'API8', 'CWE-942', 9),
  ('API1i', 'Z11', 'API1', 'Improper Inventory Management', 'shadow/zombie APIs, undocumented endpoints', 'vuln', 'std', 'API9', NULL, 10),
  ('API1j', 'Z11', 'API1', 'Unsafe Consumption of APIs', 'trusting third-party API data', 'vuln', 'std', 'API10', NULL, 11),
  ('API2', 'Z11', NULL, 'PortSwigger API testing — recon (cross-link Z03)', NULL, 'vuln', 'std', NULL, NULL, 12),
  ('API3', 'Z11', NULL, 'PortSwigger API testing — interacting with API endpoints', NULL, 'vuln', 'std', NULL, NULL, 13),
  ('API4', 'Z11', NULL, 'PortSwigger API testing — mass assignment vulnerabilities', NULL, 'vuln', 'std', 'API3', 'CWE-915', 14),
  ('API5', 'Z11', NULL, 'PortSwigger API testing — preventing API vulnerabilities', NULL, 'vuln', 'intro', NULL, NULL, 15),
  ('API6', 'Z11', NULL, 'GraphQL — finding endpoints', 'universal queries, common endpoint names, methods', 'vuln', 'std', NULL, NULL, 16),
  ('API7', 'Z11', NULL, 'GraphQL — initial testing', NULL, 'vuln', 'std', NULL, NULL, 17),
  ('API8', 'Z11', NULL, 'GraphQL — exploiting unsanitized arguments (IDOR over GraphQL)', NULL, 'vuln', 'std', 'API1', 'CWE-639', 18),
  ('API9', 'Z11', NULL, 'GraphQL — discovering schema (introspection)', NULL, 'vuln', 'std', NULL, NULL, 19),
  ('API10', 'Z11', NULL, 'GraphQL — discovering schema (suggestions)', 'when introspection disabled', 'vuln', 'adv', NULL, NULL, 20),
  ('API11', 'Z11', NULL, 'GraphQL — bypassing rate limiting (alias overloading / batching)', NULL, 'vuln', 'adv', 'API4', NULL, 21),
  ('API12', 'Z11', NULL, 'GraphQL — bypassing authentication / brute force via batching', NULL, 'vuln', 'adv', 'API2', NULL, 22);

INSERT OR IGNORE INTO node (id, zone_id, parent_id, name, gloss, kind, depth, owasp_tag, cwe_id, sort_order) VALUES
  ('API13', 'Z11', NULL, 'GraphQL — CSRF over GraphQL', 'GET or form-encoded POST', 'vuln', 'adv', NULL, 'CWE-352', 23),
  ('API14', 'Z11', NULL, 'GraphQL — preventing attacks', 'disable introspection in prod, query depth/cost limits', 'vuln', 'std', NULL, NULL, 24),
  ('API15', 'Z11', NULL, 'GraphQL — Apollo Federation specifics', NULL, 'vuln', 'adv', NULL, NULL, 25),
  ('API16', 'Z11', NULL, 'GraphQL — persisted queries quirks', NULL, 'vuln', 'adv', NULL, NULL, 26),
  ('API17', 'Z11', NULL, 'SOAP — XXE in SOAP', NULL, 'vuln', 'adv', NULL, 'CWE-611', 27),
  ('API18', 'Z11', NULL, 'SOAP — SOAPAction abuse', NULL, 'vuln', 'adv', NULL, NULL, 28),
  ('API19', 'Z11', NULL, 'XML-RPC', 'pingback abuse, system.* methods', 'vuln', 'adv', NULL, NULL, 29),
  ('API20', 'Z11', NULL, 'gRPC', 'proto inspection, reflection, auth', 'vuln', 'adv', NULL, NULL, 30),
  ('API21', 'Z11', NULL, 'gRPC-Web', 'browser-exposed gRPC', 'vuln', 'adv', NULL, NULL, 31),
  ('API22', 'Z11', NULL, 'AsyncAPI / event-driven', 'Kafka, MQTT, AMQP via web bridges', 'vuln', 'adv', NULL, NULL, 32),
  ('API23', 'Z11', NULL, 'WebSocket as API — auth on connect vs per-message', NULL, 'vuln', 'std', NULL, NULL, 33),
  ('API24', 'Z11', NULL, 'OData attack surface', 'legacy enterprise', 'vuln', 'adv', NULL, NULL, 34),
  ('API25', 'Z11', NULL, 'Webhooks — SSRF target', NULL, 'vuln', 'adv', NULL, 'CWE-918', 35),
  ('API26', 'Z11', NULL, 'Webhooks — replay', NULL, 'vuln', 'std', NULL, NULL, 36),
  ('API27', 'Z11', NULL, 'Webhooks — signature bypass', NULL, 'vuln', 'adv', NULL, 'CWE-347', 37),
  ('API28', 'Z11', NULL, 'API gateway product specifics', 'Kong, AWS API Gateway, Azure APIM', 'vuln', 'adv', NULL, NULL, 38),
  ('API29', 'Z11', NULL, 'RPC-over-HTTP custom protocols', 'JSON-RPC, custom', 'vuln', 'adv', NULL, NULL, 39),
  ('D01', 'Z12', NULL, 'Information disclosure — overview', NULL, 'vuln', 'std', 'A02', 'CWE-200', 1),
  ('D02', 'Z12', NULL, 'Information disclosure — examples', 'error pages, dev artifacts, version leaks', 'vuln', 'std', NULL, 'CWE-200', 2),
  ('D03', 'Z12', NULL, 'Information disclosure — how vulnerabilities arise', NULL, 'vuln', 'intro', NULL, 'CWE-200', 3),
  ('D04', 'Z12', NULL, 'Information disclosure — assessing severity', NULL, 'vuln', 'std', NULL, 'CWE-200', 4),
  ('D05', 'Z12', NULL, 'Information disclosure — exploiting', NULL, 'vuln', 'std', NULL, 'CWE-200', 5),
  ('D06', 'Z12', NULL, 'Information disclosure — preventing', NULL, 'vuln', 'intro', NULL, 'CWE-200', 6),
  ('D07', 'Z12', NULL, 'Verbose errors / stack traces', NULL, 'vuln', 'intro', NULL, 'CWE-209', 7),
  ('D08', 'Z12', NULL, 'Source maps in production', NULL, 'vuln', 'std', NULL, 'CWE-200', 8),
  ('D09', 'Z12', NULL, '`.git` / `.svn` / `.hg` directory exposure', NULL, 'vuln', 'std', NULL, 'CWE-552', 9),
  ('D10', 'Z12', NULL, '`.env` / config / backup file exposure', NULL, 'vuln', 'std', NULL, 'CWE-552', 10),
  ('D11', 'Z12', NULL, 'Insertion of sensitive info into logs', NULL, 'vuln', 'std', NULL, 'CWE-532', 11),
  ('D12', 'Z12', NULL, 'Debug endpoints / actuator (Spring Boot, Django Debug, Rails routes)', NULL, 'vuln', 'std', 'A02', NULL, 12),
  ('D13', 'Z12', NULL, 'Default install pages / setup wizards online', NULL, 'vuln', 'std', 'A02', 'CWE-276', 13),
  ('D14', 'Z12', NULL, 'Subdomain takeover — CNAME-based', NULL, 'vuln', 'std', NULL, NULL, 14),
  ('D15', 'Z12', NULL, 'Subdomain takeover — provider-by-provider', 'S3, Heroku, Azure, GitHub Pages, Tilda, Webflow, Vercel', 'vuln', 'adv', NULL, NULL, 15),
  ('D16', 'Z12', NULL, 'Dangling DNS records (non-CNAME)', NULL, 'vuln', 'adv', NULL, NULL, 16),
  ('D17', 'Z12', NULL, 'Cloud bucket misconfigurations — S3 read/write', NULL, 'vuln', 'std', NULL, 'CWE-552', 17),
  ('D18', 'Z12', NULL, 'Cloud bucket misconfigurations — GCS', NULL, 'vuln', 'std', NULL, NULL, 18),
  ('D19', 'Z12', NULL, 'Cloud bucket misconfigurations — Azure Blob', NULL, 'vuln', 'std', NULL, NULL, 19),
  ('D20', 'Z12', NULL, 'CORS over-permissive policies', NULL, 'vuln', 'std', NULL, 'CWE-942', 20),
  ('D21', 'Z12', NULL, 'Information leakage in HTTP headers', 'Server, X-Powered-By, X-AspNet-Version', 'vuln', 'intro', NULL, NULL, 21),
  ('D22', 'Z12', NULL, 'Internal IPs / hostnames in responses', NULL, 'vuln', 'std', NULL, NULL, 22),
  ('D23', 'Z12', NULL, 'Verbose docs exposed (Swagger UI on prod)', NULL, 'vuln', 'std', 'API9', NULL, 23),
  ('D24', 'Z12', NULL, 'Public CI/CD artifacts (job logs, package registries)', NULL, 'vuln', 'std', NULL, NULL, 24),
  ('D25', 'Z12', NULL, 'Public CDN-cached secrets', NULL, 'vuln', 'adv', NULL, NULL, 25),
  ('D26', 'Z12', NULL, 'Open Elasticsearch / MongoDB / Kibana web-facing UIs', NULL, 'vuln', 'std', 'A02', NULL, 26),
  ('D27', 'Z12', NULL, 'Open Jenkins / GitLab / Jira admin', NULL, 'vuln', 'std', 'A02', NULL, 27),
  ('D28', 'Z12', NULL, 'SSO / OAuth client misconfigurations', NULL, 'vuln', 'adv', NULL, NULL, 28),
  ('D29', 'Z12', NULL, 'robots.txt / sitemap.xml reveal patterns', NULL, 'vuln', 'intro', NULL, NULL, 29),
  ('D30', 'Z12', NULL, 'GraphQL introspection in prod', 'cross-link API9', 'vuln', 'std', NULL, NULL, 30),
  ('D31', 'Z12', NULL, 'Public Postman workspaces leaking creds', NULL, 'vuln', 'std', NULL, NULL, 31),
  ('D32', 'Z12', NULL, 'Open admin panels with default creds', NULL, 'vuln', 'intro', NULL, 'CWE-798', 32),
  ('D33', 'Z12', NULL, 'Dev/staging environments accidentally public', NULL, 'vuln', 'std', 'A02', NULL, 33),
  ('D34', 'Z12', NULL, 'Internal monorepo / source code exposure', NULL, 'vuln', 'std', NULL, 'CWE-540', 34),
  ('D35', 'Z12', NULL, 'Backup files (`.bak`, `.swp`, `~`, `.old`) hunting', NULL, 'vuln', 'std', NULL, 'CWE-552', 35),
  ('D36', 'Z12', NULL, 'Public CI secret leakage (GitHub Actions logs)', NULL, 'vuln', 'std', NULL, NULL, 36),
  ('BL01', 'Z13', NULL, 'Business logic — how do these vulnerabilities arise?', NULL, 'vuln', 'std', 'A06', 'CWE-840', 1),
  ('BL02', 'Z13', NULL, 'Business logic — examples', NULL, 'vuln', 'std', 'A06', 'CWE-840', 2),
  ('BL03', 'Z13', NULL, 'Business logic — preventing', NULL, 'vuln', 'intro', 'A06', NULL, 3),
  ('BL04', 'Z13', NULL, 'Workflow / state-machine bypass', 'skipping required steps', 'vuln', 'std', NULL, 'CWE-841', 4),
  ('BL05', 'Z13', NULL, 'Race-based business logic', 'coupons, votes, transfers', 'vuln', 'std', NULL, 'CWE-362', 5),
  ('BL06', 'Z13', NULL, 'Numeric tricks — negative quantities', NULL, 'vuln', 'std', NULL, NULL, 6),
  ('BL07', 'Z13', NULL, 'Numeric tricks — integer overflow', NULL, 'vuln', 'adv', NULL, 'CWE-190', 7),
  ('BL08', 'Z13', NULL, 'Numeric tricks — float precision / scientific notation', NULL, 'vuln', 'adv', NULL, NULL, 8),
  ('BL09', 'Z13', NULL, 'Currency / pricing — race in checkout', NULL, 'vuln', 'adv', NULL, 'CWE-362', 9),
  ('BL10', 'Z13', NULL, 'Currency / pricing — edit-after-confirm', NULL, 'vuln', 'std', NULL, NULL, 10),
  ('BL11', 'Z13', NULL, 'Currency confusion — switching currency mid-flow', NULL, 'vuln', 'adv', NULL, NULL, 11),
  ('BL12', 'Z13', NULL, 'Trust boundary violations', 'server trusting client validation', 'vuln', 'std', NULL, NULL, 12),
  ('BL13', 'Z13', NULL, 'Quota / rate-limit bypass — different account / IP / endpoint', NULL, 'vuln', 'std', 'API4', NULL, 13),
  ('BL14', 'Z13', NULL, 'Referral / promo abuse', NULL, 'vuln', 'std', NULL, NULL, 14),
  ('BL15', 'Z13', NULL, 'Authorization on hidden parameters', 'fields that change ownership/role/price', 'vuln', 'std', NULL, NULL, 15),
  ('BL16', 'Z13', NULL, 'Multi-factor signup/checkout bypass', NULL, 'vuln', 'adv', NULL, NULL, 16),
  ('BL17', 'Z13', NULL, 'Time-based logic flaws', 'timezone, expiry windows, server-clock trust', 'vuln', 'adv', NULL, NULL, 17),
  ('BL18', 'Z13', NULL, 'Inventory / stock manipulation', NULL, 'vuln', 'adv', NULL, NULL, 18),
  ('BL19', 'Z13', NULL, 'Voucher / gift card abuse', NULL, 'vuln', 'std', NULL, NULL, 19),
  ('BL20', 'Z13', NULL, 'Loyalty / point system abuse', NULL, 'vuln', 'std', NULL, NULL, 20),
  ('BL21', 'Z13', NULL, 'Subscription / billing cycle exploitation', NULL, 'vuln', 'adv', NULL, NULL, 21),
  ('BL22', 'Z13', NULL, 'Tier / role transitions — downgrade keeping access', 'cross-link AC25', 'vuln', 'adv', NULL, NULL, 22),
  ('BL23', 'Z13', NULL, 'Refund / cancellation logic abuse', NULL, 'vuln', 'std', NULL, NULL, 23),
  ('BL24', 'Z13', NULL, 'Bulk-action endpoints with per-item authz absent', NULL, 'vuln', 'adv', NULL, NULL, 24),
  ('BL25', 'Z13', NULL, 'Hidden / archived items still mutable', NULL, 'vuln', 'adv', NULL, NULL, 25),
  ('BL26', 'Z13', NULL, 'Search/filter exposing data not in normal views', NULL, 'vuln', 'std', NULL, NULL, 26),
  ('BL27', 'Z13', NULL, 'Unrestricted access to sensitive business flows', 'automation abuse', 'vuln', 'adv', 'API6', NULL, 27),
  ('SR01', 'Z14', NULL, 'Read-only audit methodology', 'entry points, scope mapping', 'methodology', 'std', NULL, NULL, 1),
  ('SR02', 'Z14', NULL, 'Manual taint analysis (sources → sinks)', NULL, 'methodology', 'std', NULL, NULL, 2),
  ('SR03', 'Z14', NULL, 'Whitebox vs blackbox tradeoffs', NULL, 'methodology', 'std', NULL, NULL, 3),
  ('SR04', 'Z14', NULL, 'Diff-based hunting', 'CVE writeup → source diff → variant hunt', 'methodology', 'adv', NULL, NULL, 4),
  ('SR05', 'Z14', NULL, 'Reading framework source for exploit gadgets', NULL, 'methodology', 'adv', NULL, NULL, 5),
  ('SR06', 'Z14', NULL, 'Java patterns — servlets, JSP, Spring controllers, JPA', NULL, 'methodology', 'adv', NULL, NULL, 6),
  ('SR07', 'Z14', NULL, 'PHP patterns — deserialize, include, escape function gaps', NULL, 'methodology', 'adv', NULL, NULL, 7),
  ('SR08', 'Z14', NULL, 'Python patterns — eval/exec, pickle, format strings, Flask templates', NULL, 'methodology', 'adv', NULL, NULL, 8),
  ('SR09', 'Z14', NULL, 'Ruby patterns — Rails mass-assignment, Marshal, eval', NULL, 'methodology', 'adv', NULL, NULL, 9),
  ('SR10', 'Z14', NULL, 'Node.js patterns — eval, vm sandboxes, prototype pollution sinks', NULL, 'methodology', 'adv', NULL, NULL, 10),
  ('SR11', 'Z14', NULL, '.NET patterns — BinaryFormatter, JSON.NET TypeNameHandling, ViewState', NULL, 'methodology', 'adv', NULL, NULL, 11),
  ('SR12', 'Z14', NULL, 'Go patterns — template injection, exec, unsafe', NULL, 'methodology', 'adv', NULL, NULL, 12),
  ('SR13', 'Z14', NULL, 'Spring framework specific antipatterns', NULL, 'methodology', 'adv', NULL, NULL, 13),
  ('SR14', 'Z14', NULL, 'Django specific antipatterns', NULL, 'methodology', 'adv', NULL, NULL, 14),
  ('SR15', 'Z14', NULL, 'Rails specific antipatterns', NULL, 'methodology', 'adv', NULL, NULL, 15),
  ('SR16', 'Z14', NULL, 'Laravel specific antipatterns', NULL, 'methodology', 'adv', NULL, NULL, 16),
  ('SR17', 'Z14', NULL, 'Express / Fastify specific antipatterns', NULL, 'methodology', 'adv', NULL, NULL, 17),
  ('SR18', 'Z14', NULL, 'ASP.NET specific antipatterns', NULL, 'methodology', 'adv', NULL, NULL, 18),
  ('SR19', 'Z14', NULL, 'FastAPI / Flask specific antipatterns', NULL, 'methodology', 'adv', NULL, NULL, 19),
  ('SR20', 'Z14', NULL, 'Static analysis with Semgrep — writing custom rules', NULL, 'methodology', 'adv', NULL, NULL, 20);

INSERT OR IGNORE INTO node (id, zone_id, parent_id, name, gloss, kind, depth, owasp_tag, cwe_id, sort_order) VALUES
  ('SR21', 'Z14', NULL, 'Static analysis with CodeQL — basic queries', NULL, 'methodology', 'res', NULL, NULL, 21),
  ('SR22', 'Z14', NULL, 'Reading minified frontend bundles back to source', NULL, 'methodology', 'adv', NULL, NULL, 22),
  ('SR23', 'Z14', NULL, 'Bug-bounty source review on OSS targets', NULL, 'methodology', 'adv', NULL, NULL, 23),
  ('SR24', 'Z14', NULL, 'GitHub commit history mining', 'look for fixed-but-not-disclosed bugs', 'methodology', 'adv', NULL, NULL, 24),
  ('SR25', 'Z14', NULL, 'Variant analysis', 'finding sister bugs to disclosed CVEs', 'methodology', 'res', NULL, NULL, 25),
  ('SR26', 'Z14', NULL, 'Recognizing vulnerable patterns by sight', 'visual triage skill', 'methodology', 'adv', NULL, NULL, 26),
  ('SC01', 'Z15', NULL, 'Vulnerable / outdated dependencies', NULL, 'vuln', 'std', 'A03', 'CWE-1395', 1),
  ('SC02', 'Z15', NULL, 'Dependency confusion — npm', NULL, 'vuln', 'adv', 'A03', 'CWE-1357', 2),
  ('SC03', 'Z15', NULL, 'Dependency confusion — PyPI / RubyGems / Maven / NuGet / Gradle', NULL, 'vuln', 'adv', 'A03', 'CWE-1357', 3),
  ('SC04', 'Z15', NULL, 'Typosquatting — strategy & detection', NULL, 'vuln', 'adv', 'A03', NULL, 4),
  ('SC05', 'Z15', NULL, 'Compromised package history awareness', 'event-stream, ua-parser-js, etc.', 'vuln', 'std', NULL, NULL, 5),
  ('SC06', 'Z15', NULL, 'Subresource Integrity bypasses', NULL, 'vuln', 'adv', NULL, NULL, 6),
  ('SC07', 'Z15', NULL, 'CDN takeover scenarios', NULL, 'vuln', 'adv', NULL, NULL, 7),
  ('SC08', 'Z15', NULL, 'GitHub Actions — `pull_request_target` abuse', NULL, 'vuln', 'adv', 'A03', NULL, 8),
  ('SC09', 'Z15', NULL, 'GitHub Actions — third-party action poisoning', NULL, 'vuln', 'adv', 'A03', 'CWE-829', 9),
  ('SC10', 'Z15', NULL, 'GitHub Actions — secret exfil via PRs', NULL, 'vuln', 'adv', 'A03', NULL, 10),
  ('SC11', 'Z15', NULL, 'GitLab CI runner poisoning', NULL, 'vuln', 'adv', 'A03', NULL, 11),
  ('SC12', 'Z15', NULL, 'Jenkins web UI attacks', 'script console, freestyle job creation', 'vuln', 'std', NULL, NULL, 12),
  ('SC13', 'Z15', NULL, 'CircleCI / TravisCI / Buildkite specifics', NULL, 'vuln', 'adv', NULL, NULL, 13),
  ('SC14', 'Z15', NULL, 'Docker registry exposure & image poisoning', NULL, 'vuln', 'adv', 'A03', NULL, 14),
  ('SC15', 'Z15', NULL, 'Container image layer leakage', 'secrets in old layers', 'vuln', 'adv', NULL, NULL, 15),
  ('SC16', 'Z15', NULL, 'Pull-request poisoning (test runner privilege)', NULL, 'vuln', 'adv', 'A03', NULL, 16),
  ('SC17', 'Z15', NULL, 'Lockfile manipulation (postinstall scripts)', NULL, 'vuln', 'adv', 'A03', NULL, 17),
  ('SC18', 'Z15', NULL, 'Compromised maintainer / commit signing review', NULL, 'vuln', 'res', 'A03', NULL, 18),
  ('SC19', 'Z15', NULL, 'SBOM and provenance (SLSA)', NULL, 'vuln', 'intro', 'A03', NULL, 19),
  ('SC20', 'Z15', NULL, 'Build-time vs runtime supply chain', NULL, 'vuln', 'adv', 'A03', NULL, 20),
  ('SC21', 'Z15', NULL, 'Internal CI dashboards — exposure & abuse', NULL, 'vuln', 'std', 'A02', NULL, 21),
  ('SC22', 'Z15', NULL, 'Public package registry secret leaks', 'npm tokens in published code', 'vuln', 'std', NULL, NULL, 22),
  ('SC23', 'Z15', NULL, 'GitHub App / Bot account abuse', NULL, 'vuln', 'adv', NULL, NULL, 23),
  ('SC24', 'Z15', NULL, 'Software / data integrity — unsigned updates', NULL, 'vuln', 'adv', 'A08', NULL, 24),
  ('SC25', 'Z15', NULL, 'Insecure CI/CD plugin trust', NULL, 'vuln', 'adv', 'A08', NULL, 25),
  ('CL01', 'Z16', NULL, 'IAM role confusion / passrole abuse (AWS)', NULL, 'vuln', 'adv', NULL, NULL, 1),
  ('CL02', 'Z16', NULL, 'S3/GCS/Azure Blob ACL misconfigs — read', NULL, 'vuln', 'std', NULL, 'CWE-552', 2),
  ('CL03', 'Z16', NULL, 'S3/GCS/Azure Blob ACL misconfigs — write', NULL, 'vuln', 'adv', NULL, 'CWE-552', 3),
  ('CL04', 'Z16', NULL, 'Lambda / Cloud Functions exploitation surface', NULL, 'vuln', 'adv', NULL, NULL, 4),
  ('CL05', 'Z16', NULL, 'API Gateway misconfigurations', NULL, 'vuln', 'adv', 'API8', NULL, 5),
  ('CL06', 'Z16', NULL, 'Cognito flaws', 'self-signup abuse, attribute mass-assignment', 'vuln', 'adv', NULL, NULL, 6),
  ('CL07', 'Z16', NULL, 'Firebase Auth flaws', 'public databases, weak rules', 'vuln', 'adv', NULL, NULL, 7),
  ('CL08', 'Z16', NULL, 'Cloudflare Workers / Vercel Edge / Deno Deploy specifics', NULL, 'vuln', 'adv', NULL, NULL, 8),
  ('CL09', 'Z16', NULL, 'Serverless cold-start / shared-resource issues', NULL, 'vuln', 'res', NULL, NULL, 9),
  ('CL10', 'Z16', NULL, 'ECS / EKS / Fargate web exposures', NULL, 'vuln', 'adv', NULL, NULL, 10),
  ('CL11', 'Z16', NULL, 'Cloud metadata abuse', 'cross-link S11', 'vuln', 'adv', NULL, 'CWE-918', 11),
  ('CL12', 'Z16', NULL, 'STS / temporary credential leakage', NULL, 'vuln', 'adv', NULL, NULL, 12),
  ('CL13', 'Z16', NULL, 'Public CloudFront / Azure CDN distributions misrouted', NULL, 'vuln', 'adv', NULL, NULL, 13),
  ('CL14', 'Z16', NULL, 'Cloud-native auth proxies', 'AWS Cognito-hosted UI, Azure AD B2C', 'vuln', 'adv', NULL, NULL, 14),
  ('CL15', 'Z16', NULL, 'Service-to-service auth (IAM SigV4) attack surface', NULL, 'vuln', 'adv', NULL, NULL, 15),
  ('CL16', 'Z16', NULL, 'Container escape from web context', 'light awareness, bridges to red team', 'vuln', 'res', NULL, NULL, 16),
  ('CL17', 'Z16', NULL, 'K8s Ingress / service mesh routing flaws', 'Istio, Linkerd', 'vuln', 'adv', NULL, NULL, 17),
  ('CL18', 'Z16', NULL, 'Cloud secret stores leakage via app errors', 'AWS SM, GCP SM, Azure KV', 'vuln', 'adv', NULL, 'CWE-200', 18),
  ('CL19', 'Z16', NULL, 'SaaS integration tokens hunting', 'Slack, GitHub, Salesforce', 'vuln', 'std', NULL, NULL, 19),
  ('CL20', 'Z16', NULL, 'AWS pre-signed URL abuse', NULL, 'vuln', 'std', NULL, NULL, 20),
  ('CL21', 'Z16', NULL, 'GCP signed URL / blob SAS token abuse', NULL, 'vuln', 'std', NULL, NULL, 21),
  ('CL22', 'Z16', NULL, 'Cloud-init / instance metadata response manipulation', NULL, 'vuln', 'res', NULL, NULL, 22),
  ('CL23', 'Z16', NULL, 'Public cloud functions / endpoints discovery', 'Function URLs', 'vuln', 'std', NULL, NULL, 23),
  ('CL24', 'Z16', NULL, 'IAM policy weakness analysis', 'overly permissive `*` actions', 'vuln', 'adv', NULL, NULL, 24),
  ('WB01', 'Z17', NULL, 'Origin discovery — certificate transparency', NULL, 'vuln', 'std', NULL, NULL, 1),
  ('WB02', 'Z17', NULL, 'Origin discovery — historical DNS', NULL, 'vuln', 'std', NULL, NULL, 2),
  ('WB03', 'Z17', NULL, 'Origin discovery — misconfigured mail/MX leaks', NULL, 'vuln', 'adv', NULL, NULL, 3),
  ('WB04', 'Z17', NULL, 'Origin discovery — third-party services revealing origin', NULL, 'vuln', 'adv', NULL, NULL, 4),
  ('WB05', 'Z17', NULL, 'Direct origin attack (when origin IP leaked)', NULL, 'vuln', 'std', NULL, NULL, 5),
  ('WB06', 'Z17', NULL, 'Cloudflare-specific bypass classes', NULL, 'vuln', 'adv', NULL, NULL, 6),
  ('WB07', 'Z17', NULL, 'Akamai-specific bypass classes', NULL, 'vuln', 'adv', NULL, NULL, 7),
  ('WB08', 'Z17', NULL, 'AWS WAF rule pattern weaknesses', NULL, 'vuln', 'adv', NULL, NULL, 8),
  ('WB09', 'Z17', NULL, 'Imperva / Incapsula', NULL, 'vuln', 'adv', NULL, NULL, 9),
  ('WB10', 'Z17', NULL, 'Modern WAF bypass — encoding chains', NULL, 'vuln', 'adv', NULL, NULL, 10),
  ('WB11', 'Z17', NULL, 'Modern WAF bypass — parser confusion', NULL, 'vuln', 'res', NULL, NULL, 11),
  ('WB12', 'Z17', NULL, 'Modern WAF bypass — payload fragmentation', NULL, 'vuln', 'adv', NULL, NULL, 12),
  ('WB13', 'Z17', NULL, 'Header-based WAF bypass', '`X-Forwarded-For`, `X-Original-URL`', 'vuln', 'adv', NULL, NULL, 13),
  ('WB14', 'Z17', NULL, 'HTTP parameter pollution against WAFs', NULL, 'vuln', 'adv', NULL, 'CWE-235', 14),
  ('WB15', 'Z17', NULL, 'Smuggling-aware WAF parser differential', NULL, 'vuln', 'res', NULL, 'CWE-444', 15),
  ('WB16', 'Z17', NULL, 'Encoding chain bypasses', 'unicode normalization, overlong UTF-8', 'vuln', 'adv', NULL, NULL, 16),
  ('WB17', 'Z17', NULL, 'Time-based WAF behavior', 'bypass during deploy/maintenance windows', 'vuln', 'res', NULL, NULL, 17),
  ('WB18', 'Z17', NULL, 'ML/AI-based WAF abuse', 'adversarial inputs, prompt-style on classifiers', 'vuln', 'res', NULL, NULL, 18),
  ('WB19', 'Z17', NULL, 'Bot-detection bypass — TLS fingerprint (JA3/JA4)', NULL, 'vuln', 'adv', NULL, NULL, 19),
  ('WB20', 'Z17', NULL, 'Bot-detection bypass — browser fingerprint spoofing', NULL, 'vuln', 'adv', NULL, NULL, 20),
  ('WB21', 'Z17', NULL, 'Bot-detection bypass — captcha solver chains', NULL, 'vuln', 'adv', NULL, NULL, 21),
  ('WB22', 'Z17', NULL, 'CDN cache rule abuse', 'cache control bypassing origin checks', 'vuln', 'adv', NULL, 'CWE-349', 22),
  ('FF01', 'Z18', NULL, 'React — `dangerouslySetInnerHTML`', NULL, 'vuln', 'std', NULL, 'CWE-79', 1),
  ('FF02', 'Z18', NULL, 'React — ref injection', NULL, 'vuln', 'adv', NULL, NULL, 2),
  ('FF03', 'Z18', NULL, 'React — hydration mismatches enabling XSS', NULL, 'vuln', 'adv', NULL, 'CWE-79', 3),
  ('FF04', 'Z18', NULL, 'React — server component (RSC) attack surface', NULL, 'vuln', 'res', NULL, NULL, 4),
  ('FF05', 'Z18', NULL, 'Vue — `v-html`', NULL, 'vuln', 'std', NULL, 'CWE-79', 5),
  ('FF06', 'Z18', NULL, 'Vue — template compilation injection', NULL, 'vuln', 'adv', NULL, 'CWE-1336', 6),
  ('FF08', 'Z18', NULL, 'Angular — template injection (server-rendered)', NULL, 'vuln', 'adv', NULL, 'CWE-1336', 7),
  ('FF09', 'Z18', NULL, 'Next.js — SSR-related leaks', NULL, 'vuln', 'adv', NULL, 'CWE-200', 8),
  ('FF10', 'Z18', NULL, 'Next.js — API routes leakage', NULL, 'vuln', 'std', NULL, NULL, 9),
  ('FF11', 'Z18', NULL, 'Next.js — ISR cache poisoning', NULL, 'vuln', 'res', NULL, 'CWE-349', 10),
  ('FF12', 'Z18', NULL, 'Next.js — middleware bypass', NULL, 'vuln', 'adv', NULL, NULL, 11),
  ('FF13', 'Z18', NULL, 'Remix / SvelteKit / Nuxt specifics', NULL, 'vuln', 'adv', NULL, NULL, 12),
  ('FF14', 'Z18', NULL, 'htmx — HTML over the wire trust issues', NULL, 'vuln', 'adv', NULL, NULL, 13),
  ('FF15', 'Z18', NULL, 'Alpine.js / Stimulus inline-JS framework risks', NULL, 'vuln', 'adv', NULL, NULL, 14),
  ('FF16', 'Z18', NULL, 'jQuery legacy — selector injection', NULL, 'vuln', 'std', NULL, NULL, 15),
  ('FF17', 'Z18', NULL, 'jQuery legacy — prototype pollution gadgets', NULL, 'vuln', 'adv', NULL, 'CWE-1321', 16),
  ('FF18', 'Z18', NULL, 'SPA routing flaws', 'client-side route guards, deep-link injection', 'vuln', 'adv', NULL, NULL, 17),
  ('FF19', 'Z18', NULL, 'Build-tool leaks', 'webpack chunk paths, source map exposure', 'vuln', 'std', NULL, 'CWE-200', 18),
  ('FF20', 'Z18', NULL, 'Edge runtime constraint bypasses', 'Cloudflare Workers, Vercel Edge', 'vuln', 'res', NULL, NULL, 19),
  ('FF21', 'Z18', NULL, 'React Router / TanStack Router specifics', NULL, 'vuln', 'adv', NULL, NULL, 20),
  ('FF22', 'Z18', NULL, 'State-management library data leaks', 'Redux DevTools-exposed state in prod', 'vuln', 'adv', NULL, 'CWE-200', 21),
  ('MB01', 'Z19', NULL, 'Service Workers — install / persist / abuse', NULL, 'vuln', 'adv', NULL, NULL, 1),
  ('MB02', 'Z19', NULL, 'Service Workers — cache poisoning', NULL, 'vuln', 'adv', NULL, 'CWE-349', 2);

INSERT OR IGNORE INTO node (id, zone_id, parent_id, name, gloss, kind, depth, owasp_tag, cwe_id, sort_order) VALUES
  ('MB03', 'Z19', NULL, 'COOP / COEP / CORP', 'what they enforce, gaps', 'vuln', 'adv', NULL, NULL, 3),
  ('MB04', 'Z19', NULL, 'Storage Partitioning impacts', NULL, 'vuln', 'adv', NULL, NULL, 4),
  ('MB05', 'Z19', NULL, 'Trusted Types — bypass research', NULL, 'vuln', 'res', NULL, NULL, 5),
  ('MB06', 'Z19', NULL, 'Site Isolation behavior', NULL, 'vuln', 'adv', NULL, NULL, 6),
  ('MB07', 'Z19', NULL, 'Push notifications abuse', NULL, 'vuln', 'adv', NULL, NULL, 7),
  ('MB08', 'Z19', NULL, 'Web Push hijacking', NULL, 'vuln', 'adv', NULL, NULL, 8),
  ('MB09', 'Z19', NULL, 'WebRTC — STUN / signaling abuse', NULL, 'vuln', 'adv', NULL, NULL, 9),
  ('MB10', 'Z19', NULL, 'WebRTC — local IP leak', NULL, 'vuln', 'std', NULL, 'CWE-200', 10),
  ('MB11', 'Z19', NULL, 'WebTransport', NULL, 'vuln', 'res', NULL, NULL, 11),
  ('MB12', 'Z19', NULL, 'WebAssembly attack surface', NULL, 'vuln', 'res', NULL, NULL, 12),
  ('MB13', 'Z19', NULL, 'Browser sandbox escape awareness', 'vuln-research territory', 'vuln', 'res', NULL, NULL, 13),
  ('MB14', 'Z19', NULL, 'Built-in PDF viewer / similar plugin attack surface', NULL, 'vuln', 'adv', NULL, NULL, 14),
  ('MB15', 'Z19', NULL, 'File System Access API abuse', NULL, 'vuln', 'adv', NULL, NULL, 15),
  ('MB16', 'Z19', NULL, 'Clipboard API abuse', NULL, 'vuln', 'adv', NULL, NULL, 16),
  ('MB17', 'Z19', NULL, 'Origin-Agent-Cluster / process model', NULL, 'vuln', 'res', NULL, NULL, 17),
  ('MB18', 'Z19', NULL, 'Bfcache (back-forward cache) attack surface', NULL, 'vuln', 'res', NULL, NULL, 18),
  ('MB19', 'Z19', NULL, 'Third-party cookie deprecation impacts', 'auth changes, CHIPS', 'vuln', 'adv', NULL, NULL, 19),
  ('MB20', 'Z19', NULL, 'Spectre-class side channels', 'awareness, mitigation interplay', 'vuln', 'res', NULL, NULL, 20),
  ('MB21', 'Z19', NULL, 'Browser extension attack surface', 'content scripts, web_accessible_resources', 'vuln', 'adv', NULL, NULL, 21),
  ('AI01', 'Z20', NULL, 'PortSwigger — what is a large language model?', NULL, 'vuln', 'intro', NULL, NULL, 1),
  ('AI02', 'Z20', NULL, 'PortSwigger — LLM attacks and prompt injection', NULL, 'vuln', 'std', 'LLM01', NULL, 2),
  ('AI03', 'Z20', NULL, 'PortSwigger — detecting LLM vulnerabilities', NULL, 'vuln', 'std', NULL, NULL, 3),
  ('AI04', 'Z20', NULL, 'PortSwigger — exploiting LLM APIs / functions / plugins', NULL, 'vuln', 'adv', 'LLM06', NULL, 4),
  ('AI04a', 'Z20', 'AI04', 'How LLM APIs work', NULL, 'vuln', 'intro', NULL, NULL, 5),
  ('AI04b', 'Z20', 'AI04', 'Mapping LLM API attack surface', NULL, 'vuln', 'std', NULL, NULL, 6),
  ('AI04c', 'Z20', 'AI04', 'Chaining vulnerabilities in LLM APIs', NULL, 'vuln', 'adv', NULL, NULL, 7),
  ('AI05', 'Z20', NULL, 'PortSwigger — insecure output handling', 'model output → backend SQL/code/RCE', 'vuln', 'std', 'LLM05', NULL, 8),
  ('AI06', 'Z20', NULL, 'PortSwigger — indirect prompt injection', 'poisoned docs, web pages, RAG corpus', 'vuln', 'adv', 'LLM01', NULL, 9),
  ('AI07', 'Z20', NULL, 'PortSwigger — training data poisoning', NULL, 'vuln', 'adv', 'LLM04', NULL, 10),
  ('AI08', 'Z20', NULL, 'PortSwigger — leaking sensitive training data', NULL, 'vuln', 'adv', 'LLM02', NULL, 11),
  ('AI09', 'Z20', NULL, 'PortSwigger — defending against LLM attacks', NULL, 'vuln', 'std', NULL, NULL, 12),
  ('AI10', 'Z20', NULL, 'PortSwigger — AI-powered scanner vulnerabilities', NULL, 'vuln', 'res', NULL, NULL, 13),
  ('AI11', 'Z20', NULL, 'OWASP LLM01:2025 Prompt Injection — direct', NULL, 'vuln', 'std', 'LLM01', NULL, 14),
  ('AI12', 'Z20', NULL, 'OWASP LLM01:2025 Prompt Injection — indirect', NULL, 'vuln', 'adv', 'LLM01', NULL, 15),
  ('AI13', 'Z20', NULL, 'OWASP LLM01:2025 Prompt Injection — multimodal (image/audio)', NULL, 'vuln', 'adv', 'LLM01', NULL, 16),
  ('AI14', 'Z20', NULL, 'OWASP LLM02:2025 Sensitive Information Disclosure', NULL, 'vuln', 'std', 'LLM02', NULL, 17),
  ('AI15', 'Z20', NULL, 'OWASP LLM03:2025 Supply Chain (LLM)', 'compromised model weights, poisoned datasets, malicious adapters', 'vuln', 'adv', 'LLM03', NULL, 18),
  ('AI16', 'Z20', NULL, 'OWASP LLM04:2025 Data and Model Poisoning', 'training/fine-tune/RAG corpus poisoning', 'vuln', 'adv', 'LLM04', NULL, 19),
  ('AI17', 'Z20', NULL, 'OWASP LLM05:2025 Improper Output Handling', NULL, 'vuln', 'std', 'LLM05', NULL, 20),
  ('AI18', 'Z20', NULL, 'OWASP LLM06:2025 Excessive Agency', 'over-broad tool/plugin permissions', 'vuln', 'adv', 'LLM06', NULL, 21),
  ('AI19', 'Z20', NULL, 'OWASP LLM07:2025 System Prompt Leakage', 'system prompt extraction', 'vuln', 'std', 'LLM07', NULL, 22),
  ('AI20', 'Z20', NULL, 'OWASP LLM08:2025 Vector and Embedding Weaknesses', 'embedding inversion, cross-tenant retrieval leaks, RAG poisoning', 'vuln', 'adv', 'LLM08', NULL, 23),
  ('AI21', 'Z20', NULL, 'OWASP LLM09:2025 Misinformation', 'hallucinations in security-relevant decisions', 'vuln', 'std', 'LLM09', NULL, 24),
  ('AI22', 'Z20', NULL, 'OWASP LLM10:2025 Unbounded Consumption', 'wallet attacks, token-cost DoS, model extraction', 'vuln', 'std', 'LLM10', NULL, 25),
  ('AI23', 'Z20', NULL, 'LLM-driven SSRF', 'model fetches attacker URL via tool call', 'vuln', 'adv', 'LLM06', 'CWE-918', 26),
  ('AI24', 'Z20', NULL, 'Plugin / extension ecosystem abuse', 'ChatGPT plugins, Claude tools, MCP', 'vuln', 'adv', 'LLM06', NULL, 27),
  ('AI25', 'Z20', NULL, 'Cross-user prompt confusion', 'shared agent state', 'vuln', 'adv', 'LLM06', NULL, 28),
  ('AI26', 'Z20', NULL, 'Embeddings store ACL flaws', NULL, 'vuln', 'adv', 'LLM08', NULL, 29),
  ('AI27', 'Z20', NULL, 'Agent-on-agent attack chains', NULL, 'vuln', 'res', NULL, NULL, 30),
  ('AI28', 'Z20', NULL, 'Audit-log evasion via natural-language paraphrase', NULL, 'vuln', 'res', NULL, NULL, 31),
  ('DEF01', 'Z21', NULL, 'WAF internals — rule engines, normalization', NULL, 'defense', 'adv', NULL, NULL, 1),
  ('DEF02', 'Z21', NULL, 'RASP (runtime application self-protection)', NULL, 'defense', 'adv', NULL, NULL, 2),
  ('DEF03', 'Z21', NULL, 'CSP — full spec edge cases', NULL, 'defense', 'adv', NULL, NULL, 3),
  ('DEF04', 'Z21', NULL, 'HSTS — preload, includeSubDomains', NULL, 'defense', 'std', NULL, NULL, 4),
  ('DEF05', 'Z21', NULL, 'SameSite cookies — per-browser quirks', NULL, 'defense', 'std', NULL, NULL, 5),
  ('DEF06', 'Z21', NULL, 'Subresource Integrity — coverage gaps', NULL, 'defense', 'adv', NULL, NULL, 6),
  ('DEF07', 'Z21', NULL, 'Trusted Types — what they enforce', NULL, 'defense', 'adv', NULL, NULL, 7),
  ('DEF08', 'Z21', NULL, 'Cookie prefixes (`__Host-` / `__Secure-`)', NULL, 'defense', 'std', NULL, NULL, 8),
  ('DEF09', 'Z21', NULL, 'OAuth security best practices (BCP — RFC 9700)', NULL, 'defense', 'std', NULL, NULL, 9),
  ('DEF10', 'Z21', NULL, 'OWASP ASVS v4 — categories', 'V1 Architecture, V2 AuthN, V3 Session Mgmt, V4 Access Control, V5 Validation/Sanitization/Encoding, V6 Stored Crypto, V7 Error/Logging, V8 Data Protection, V9 Communication, V10 Malicious Code, V11 Business Logic, V12 Files & Resources, V13 API & Web Service, V14 Configuration', 'defense', 'intro', NULL, NULL, 10),
  ('DEF11', 'Z21', NULL, 'NIST 800-63B password / auth guidance', NULL, 'defense', 'intro', NULL, NULL, 11),
  ('DEF12', 'Z21', NULL, 'mTLS proper deployment', NULL, 'defense', 'adv', NULL, NULL, 12),
  ('DEF13', 'Z21', NULL, 'Cloudflare / Akamai / AWS WAF default templates', NULL, 'defense', 'adv', NULL, NULL, 13),
  ('DEF14', 'Z21', NULL, 'Bot detection — Akamai BMP, hCaptcha, reCAPTCHA, PerimeterX', NULL, 'defense', 'adv', NULL, NULL, 14),
  ('DEF15', 'Z21', NULL, 'Anti-bot fingerprinting — TLS (JA3/JA4), browser fingerprint', NULL, 'defense', 'adv', NULL, NULL, 15),
  ('DEF16', 'Z21', NULL, 'Static analysis tools — defender''s view', 'Semgrep, CodeQL', 'defense', 'std', NULL, NULL, 16),
  ('DEF17', 'Z21', NULL, 'Trusted Types + CSP interplay', NULL, 'defense', 'adv', NULL, NULL, 17),
  ('DEF18', 'Z21', NULL, 'Site Isolation, COOP/COEP/CORP', NULL, 'defense', 'adv', NULL, NULL, 18),
  ('DEF19', 'Z21', NULL, 'Security headers — full list', 'XFO, CSP frame-ancestors, X-Content-Type-Options, Referrer-Policy, Permissions-Policy', 'defense', 'std', NULL, NULL, 19),
  ('DEF20', 'Z21', NULL, 'Auth platforms — Auth0, Clerk, Supabase Auth, Cognito', 'common deployment errors', 'defense', 'adv', NULL, NULL, 20),
  ('DEF21', 'Z21', NULL, 'Modern session frameworks — NextAuth/Auth.js, Lucia', NULL, 'defense', 'adv', NULL, NULL, 21),
  ('DEF22', 'Z21', NULL, 'EDR/XDR awareness on web servers', 'bridges to red team', 'defense', 'intro', NULL, NULL, 22),
  ('DEF23', 'Z21', NULL, 'Logging & alerting (A09:2025)', 'what defenders monitor, what blind spots exist', 'defense', 'std', 'A09', NULL, 23),
  ('DEF24', 'Z21', NULL, 'Mishandling of exceptional conditions (A10:2025)', 'error-path bugs, fail-open logic', 'defense', 'adv', 'A10', NULL, 24),
  ('DEF25', 'Z21', NULL, 'Cryptographic Failures (A04:2025)', 'weak ciphers/hashes, plaintext storage, predictable randomness', 'defense', 'std', 'A04', NULL, 25),
  ('DEF26', 'Z21', NULL, 'Insecure Design (A06:2025)', 'missing threat model, lack of rate limiting, insecure flow design', 'defense', 'adv', 'A06', NULL, 26),
  ('M01', 'Z22', NULL, 'Recon methodology / personal playbook', NULL, 'methodology', 'std', NULL, NULL, 1),
  ('M02', 'Z22', NULL, 'Threat modeling basics — STRIDE-lite', NULL, 'methodology', 'std', NULL, NULL, 2),
  ('M03', 'Z22', NULL, 'Note-taking discipline', 'per-target structure, evidence storage', 'methodology', 'std', NULL, NULL, 3),
  ('M04', 'Z22', NULL, 'Screenshot / PoC capture workflow', NULL, 'methodology', 'std', NULL, NULL, 4),
  ('M05', 'Z22', NULL, 'Reporting writing', 'exec summary, finding structure, repro, recommendations', 'methodology', 'std', NULL, NULL, 5),
  ('M06', 'Z22', NULL, 'CVSS 3.1 scoring', NULL, 'methodology', 'std', NULL, NULL, 6),
  ('M07', 'Z22', NULL, 'CVSS v4 scoring', NULL, 'methodology', 'std', NULL, NULL, 7),
  ('M08', 'Z22', NULL, 'Disclosure & client communication', NULL, 'methodology', 'std', NULL, NULL, 8),
  ('M09', 'Z22', NULL, 'Re-testing methodology', NULL, 'methodology', 'std', NULL, NULL, 9),
  ('M10', 'Z22', NULL, 'Scope reading & triage', NULL, 'methodology', 'std', NULL, NULL, 10),
  ('M11', 'Z22', NULL, 'OPSEC basics', 'clean history, separated identities, VPS hygiene', 'methodology', 'std', NULL, NULL, 11),
  ('M12', 'Z22', NULL, 'Public writeups & portfolio', NULL, 'methodology', 'std', NULL, NULL, 12),
  ('M13', 'Z22', NULL, 'Bug bounty program selection / time mgmt', NULL, 'methodology', 'std', NULL, NULL, 13),
  ('M14', 'Z22', NULL, 'Wide-scope vs narrow-scope strategy', NULL, 'methodology', 'adv', NULL, NULL, 14),
  ('M15', 'Z22', NULL, 'Account-takeover playbook', 'chained primitives template', 'methodology', 'adv', NULL, NULL, 15),
  ('M16', 'Z22', NULL, 'Race-condition-hunt playbook', NULL, 'methodology', 'adv', NULL, NULL, 16),
  ('M17', 'Z22', NULL, 'GraphQL-specific methodology', NULL, 'methodology', 'adv', NULL, NULL, 17),
  ('M18', 'Z22', NULL, 'SaaS multi-tenant methodology', NULL, 'methodology', 'adv', NULL, NULL, 18),
  ('M19', 'Z22', NULL, 'Burnout / pace management for hunters', NULL, 'methodology', 'std', NULL, NULL, 19),
  ('M20', 'Z22', NULL, 'Collaboration with other hunters / shared lead workflow', NULL, 'methodology', 'adv', NULL, NULL, 20),
  ('M21', 'Z22', NULL, 'Reading other hunters'' writeups productively', NULL, 'methodology', 'std', NULL, NULL, 21),
  ('M22', 'Z22', NULL, 'CVE submission / coordinated disclosure process', NULL, 'methodology', 'adv', NULL, NULL, 22),
  ('M23', 'Z22', NULL, 'Working with internal blue teams (consulting)', NULL, 'methodology', 'adv', NULL, NULL, 23),
  ('M24', 'Z22', NULL, 'Triage workflow when first dropping into a target', 'first-hour playbook', 'methodology', 'std', NULL, NULL, 24);

INSERT OR IGNORE INTO node (id, zone_id, parent_id, name, gloss, kind, depth, owasp_tag, cwe_id, sort_order) VALUES
  ('M25', 'Z22', NULL, 'Knowing when to stop on a target', NULL, 'methodology', 'adv', NULL, NULL, 25),
  ('M26', 'Z22', NULL, 'Tool-building cadence', 'when to write a custom tool vs using one', 'methodology', 'std', NULL, NULL, 26),
  ('CAP01', 'Z23', NULL, 'BSCP — PortSwigger Burp Suite Certified Practitioner', 'most aligned with web mastery', 'capstone', 'std', NULL, NULL, 1),
  ('CAP02', 'Z23', NULL, 'OSWE — Offensive Security Web Expert', 'source-code-driven, advanced', 'capstone', 'std', NULL, NULL, 2),
  ('CAP03', 'Z23', NULL, 'eJPT — INE Junior Penetration Tester', 'entry-level', 'capstone', 'std', NULL, NULL, 3),
  ('CAP04', 'Z23', NULL, 'eWPT / eWPTX — INE Web Application Penetration Tester (X = expert)', NULL, 'capstone', 'std', NULL, NULL, 4),
  ('CAP05', 'Z23', NULL, 'First valid bug bounty submission accepted', NULL, 'capstone', 'std', NULL, NULL, 5),
  ('CAP06', 'Z23', NULL, 'First high / critical bug bounty submission', NULL, 'capstone', 'std', NULL, NULL, 6),
  ('CAP07', 'Z23', NULL, 'First public CVE', NULL, 'capstone', 'std', NULL, NULL, 7),
  ('CAP08', 'Z23', NULL, 'First $1k+ bounty payout', NULL, 'capstone', 'std', NULL, NULL, 8),
  ('CAP09', 'Z23', NULL, 'First leaderboard placement on a CTF (web track)', NULL, 'capstone', 'std', NULL, NULL, 9),
  ('CAP10', 'Z23', NULL, 'Public talk / writeup with traction', NULL, 'capstone', 'std', NULL, NULL, 10),
  ('CAP11', 'Z23', NULL, 'Tool published with stars / real usage', NULL, 'capstone', 'std', NULL, NULL, 11),
  ('CAP12', 'Z23', NULL, 'BSCP + OSWE combo', NULL, 'capstone', 'std', NULL, NULL, 12),
  ('CAP13', 'Z23', NULL, 'Live hacking event invite (HackerOne, Bugcrowd, Intigriti)', NULL, 'capstone', 'std', NULL, NULL, 13),
  ('CAP14', 'Z23', NULL, 'Top-100 / MVH placement on a major program', NULL, 'capstone', 'std', NULL, NULL, 14),
  ('CAP15', 'Z23', NULL, 'New-class research with named impact', 'published technique blog post', 'capstone', 'std', NULL, NULL, 15),
  ('CAP16', 'Z23', NULL, 'Personal portfolio repo with writeups', NULL, 'capstone', 'std', NULL, NULL, 16),
  ('CAP17', 'Z23', NULL, 'First contracted pentest engagement (paid)', NULL, 'capstone', 'std', NULL, NULL, 17),
  ('CAP18', 'Z23', NULL, 'Mentor someone else through Z01-Z05', 'teaching as mastery proof', 'capstone', 'std', NULL, NULL, 18);
